Date,Close
2011-01-03,96.67912292480469
2011-01-04,96.6258316040039
2011-01-05,97.1280746459961
2011-01-06,96.93783569335938
2011-01-07,96.7475814819336
2011-01-10,96.6258316040039
2011-01-11,96.96825408935547
2011-01-12,97.84334564208984
2011-01-13,97.68354797363281
2011-01-14,98.3912582397461
2011-01-18,98.55864715576172
2011-01-19,97.59225463867188
2011-01-20,97.4629135131836
2011-01-21,97.68354797363281
2011-01-24,98.23906707763672
2011-01-25,98.29232788085938
2011-01-26,98.67276000976562
2011-01-27,98.91631317138672
2011-01-28,97.1889419555664
2011-01-31,97.91943359375
2011-02-01,99.48703002929688
2011-02-02,99.29680633544922
2011-02-03,99.51746368408203
2011-02-04,99.79903411865234
2011-02-07,100.4229965209961
2011-02-08,100.87956237792969
2011-02-09,100.65129089355469
2011-02-10,100.68931579589844
2011-02-11,101.29048156738281
2011-02-14,101.53397369384766
2011-02-15,101.21440124511719
2011-02-16,101.85357666015625
2011-02-17,102.15795135498047
2011-02-18,102.37103271484375
2011-02-22,100.31646728515625
2011-02-23,99.70008850097656
2011-02-24,99.63157653808594
2011-02-25,100.6969223022461
2011-02-28,101.32088470458984
2011-03-01,99.63157653808594
2011-03-02,99.8447036743164
2011-03-03,101.56444549560547
2011-03-04,100.803466796875
2011-03-07,100.01207733154297
2011-03-08,100.88715362548828
2011-03-09,100.74262237548828
2011-03-10,98.87826538085938
2011-03-11,99.5630874633789
2011-03-14,98.96197509765625
2011-03-15,97.82815551757812
2011-03-16,96.01709747314453
2011-03-17,97.28787231445312
2011-03-18,97.64170837402344
2011-03-21,99.1549301147461
2011-03-22,98.81104278564453
2011-03-23,99.09381866455078
2011-03-24,100.04146575927734
2011-03-25,100.34721374511719
2011-03-28,100.10261535644531
2011-03-29,100.77519226074219
2011-03-30,101.47064971923828
2011-03-31,101.33307647705078
2011-04-01,101.76107788085938
2011-04-04,101.84513854980469
2011-04-05,101.8298568725586
2011-04-06,102.15084838867188
2011-04-07,101.89102935791016
2011-04-08,101.53943634033203
2011-04-11,101.2337417602539
2011-04-12,100.47712707519531
2011-04-13,100.46949768066406
2011-04-14,100.54588317871094
2011-04-15,100.91275787353516
2011-04-18,99.7816390991211
2011-04-19,100.35482025146484
2011-04-20,101.72289276123047
2011-04-21,102.24253845214844
2011-04-25,102.13555145263672
2011-04-26,103.01448059082031
2011-04-27,103.68697357177734
2011-04-28,104.02327728271484
2011-04-29,104.26781463623047
2011-05-02,104.10733795166016
2011-05-03,103.73284149169922
2011-05-04,103.04502868652344
2011-05-05,102.11263275146484
2011-05-06,102.56354522705078
2011-05-09,102.96099853515625
2011-05-10,103.83985900878906
2011-05-11,102.74691009521484
2011-05-12,103.23607635498047
2011-05-13,102.44126892089844
2011-05-16,101.79165649414062
2011-05-17,101.77637481689453
2011-05-18,102.68582153320312
2011-05-19,102.93038177490234
2011-05-20,102.11263275146484
2011-05-23,100.92800903320312
2011-05-24,100.84398651123047
2011-05-25,101.18025970458984
2011-05-26,101.64647674560547
2011-05-27,102.03621673583984
2011-05-31,103.0985107421875
2011-06-01,100.78282928466797
2011-06-02,100.67584228515625
2011-06-03,99.67464447021484
2011-06-06,98.61994934082031
2011-06-07,98.558837890625
2011-06-08,98.14613342285156
2011-06-09,98.89508056640625
2011-06-10,97.51944732666016
2011-06-13,97.59586334228516
2011-06-14,98.83394622802734
2011-06-15,97.07617950439453
2011-06-16,97.29012298583984
2011-06-17,97.58047485351562
2011-06-20,98.07969665527344
2011-06-21,99.42378997802734
2011-06-22,98.8247299194336
2011-06-23,98.54052734375
2011-06-24,97.39617156982422
2011-06-27,98.2640380859375
2011-06-28,99.54667663574219
2011-06-29,100.39923095703125
2011-06-30,101.35929870605469
2011-07-01,102.85700225830078
2011-07-05,102.77246856689453
2011-07-06,102.8953857421875
2011-07-07,103.96295166015625
2011-07-08,103.2256088256836
2011-07-11,101.35929870605469
2011-07-12,100.92149353027344
2011-07-13,101.2594223022461
2011-07-14,100.56051635742188
2011-07-15,101.14421844482422
2011-07-18,100.31473541259766
2011-07-19,101.9429931640625
2011-07-20,101.8815689086914
2011-07-21,103.29474639892578
2011-07-22,103.36384582519531
2011-07-25,102.78784942626953
2011-07-26,102.40380096435547
2011-07-27,100.30705261230469
2011-07-28,100.01518249511719
2011-07-29,99.33162689208984
2011-08-01,98.9091796875
2011-08-02,96.38231658935547
2011-08-03,96.90460968017578
2011-08-04,92.3654556274414
2011-08-05,92.2271957397461
2011-08-08,86.22106170654297
2011-08-09,90.23026275634766
2011-08-10,86.24410247802734
2011-08-11,90.11505889892578
2011-08-12,90.72181701660156
2011-08-15,92.64196014404297
2011-08-16,91.85083770751953
2011-08-17,91.91226959228516
2011-08-18,87.94915771484375
2011-08-19,86.51290893554688
2011-08-22,86.58206176757812
2011-08-23,89.43150329589844
2011-08-24,90.69107818603516
2011-08-25,89.30860900878906
2011-08-26,90.60661315917969
2011-08-29,93.21028900146484
2011-08-30,93.45606994628906
2011-08-31,93.87081909179688
2011-09-01,92.88771057128906
2011-09-02,90.5144271850586
2011-09-06,89.85393524169922
2011-09-07,92.38848114013672
2011-09-08,91.42842864990234
2011-09-09,89.03208923339844
2011-09-12,89.6081314086914
2011-09-13,90.42993927001953
2011-09-14,91.68186950683594
2011-09-15,93.2640609741211
2011-09-16,93.81603240966797
2011-09-19,92.88191223144531
2011-09-20,92.7738265991211
2011-09-21,90.0408706665039
2011-09-22,87.13035583496094
2011-09-23,87.65534210205078
2011-09-26,89.73976135253906
2011-09-27,90.743408203125
2011-09-28,88.89054107666016
2011-09-29,89.59309387207031
2011-09-30,87.354248046875
2011-10-03,84.86829376220703
2011-10-04,86.7289047241211
2011-10-05,88.3346939086914
2011-10-06,89.93274688720703
2011-10-07,89.33058166503906
2011-10-10,92.3183364868164
2011-10-11,92.4109878540039
2011-10-12,93.22159576416016
2011-10-13,93.03628540039062
2011-10-14,94.62667083740234
2011-10-17,92.82012176513672
2011-10-18,94.6343994140625
2011-10-19,93.51496887207031
2011-10-20,93.92411804199219
2011-10-21,95.70751190185547
2011-10-24,96.88096618652344
2011-10-25,94.99723052978516
2011-10-26,95.96224975585938
2011-10-27,99.30513000488281
2011-10-28,99.28195190429688
2011-10-31,96.88867950439453
2011-11-01,94.1866226196289
2011-11-02,95.72296142578125
2011-11-03,97.46768951416016
2011-11-04,96.87324523925781
2011-11-07,97.47544860839844
2011-11-08,98.72612762451172
2011-11-09,95.08216094970703
2011-11-10,95.97772979736328
2011-11-11,97.78423309326172
2011-11-14,96.85782623291016
2011-11-15,97.3364486694336
2011-11-16,95.79243469238281
2011-11-17,94.27153778076172
2011-11-18,94.17118835449219
2011-11-21,92.38008880615234
2011-11-22,92.01726531982422
2011-11-23,89.98680877685547
2011-11-25,89.81697845458984
2011-11-28,92.41868591308594
2011-11-29,92.68118286132812
2011-11-30,96.49494934082031
2011-12-01,96.47953033447266
2011-12-02,96.39459991455078
2011-12-05,97.44453430175781
2011-12-06,97.47544860839844
2011-12-07,97.83827209472656
2011-12-08,95.69203186035156
2011-12-09,97.31329345703125
2011-12-12,95.89276885986328
2011-12-13,94.99723052978516
2011-12-14,93.98590850830078
2011-12-15,94.3255844116211
2011-12-16,94.46542358398438
2011-12-19,93.45545959472656
2011-12-20,96.28339385986328
2011-12-21,96.46987915039062
2011-12-22,97.32449340820312
2011-12-23,98.1946029663086
2011-12-27,98.27233123779297
2011-12-28,96.982666015625
2011-12-29,97.98485565185547
2011-12-30,97.50316619873047
2012-01-03,99.0570297241211
2012-01-04,99.21239471435547
2012-01-05,99.47654724121094
2012-01-06,99.22012329101562
2012-01-09,99.46102142333984
2012-01-10,100.3233871459961
2012-01-11,100.37776947021484
2012-01-12,100.61862182617188
2012-01-13,100.09806823730469
2012-01-17,100.48653411865234
2012-01-18,101.5975570678711
2012-01-19,102.13362121582031
2012-01-20,102.51429748535156
2012-01-23,102.25013732910156
2012-01-24,102.13362121582031
2012-01-25,102.98821258544922
2012-01-26,102.45990753173828
2012-01-27,102.413330078125
2012-01-30,102.0636978149414
2012-01-31,102.02483367919922
2012-02-01,102.91830444335938
2012-02-02,103.0814208984375
2012-02-03,104.52650451660156
2012-02-06,104.4565658569336
2012-02-07,104.72075653076172
2012-02-08,105.03150939941406
2012-02-09,105.16358947753906
2012-02-10,104.38663482666016
2012-02-13,105.16358947753906
2012-02-14,105.03150939941406
2012-02-15,104.54206085205078
2012-02-16,105.69964599609375
2012-02-17,105.97935485839844
2012-02-21,106.02592468261719
2012-02-22,105.6841049194336
2012-02-23,106.15026092529297
2012-02-24,106.38333129882812
2012-02-27,106.56204223632812
2012-02-28,106.87279510498047
2012-02-29,106.45326232910156
2012-03-01,107.0049057006836
2012-03-02,106.67858123779297
2012-03-05,106.24347686767578
2012-03-06,104.6896743774414
2012-03-07,105.4199447631836
2012-03-08,106.46878814697266
2012-03-09,106.88053894042969
2012-03-12,106.8883285522461
2012-03-13,108.8150634765625
2012-03-14,108.69852447509766
2012-03-15,109.32788848876953
2012-03-16,109.47928619384766
2012-03-19,109.908447265625
2012-03-20,109.58854675292969
2012-03-21,109.40901184082031
2012-03-22,108.62088775634766
2012-03-23,108.97206115722656
2012-03-26,110.50147247314453
2012-03-27,110.15814208984375
2012-03-28,109.61195373535156
2012-03-29,109.42457580566406
2012-03-30,109.8772201538086
2012-04-02,110.68092346191406
2012-04-03,110.22833251953125
2012-04-04,109.13587188720703
2012-04-05,109.08126068115234
2012-04-09,107.85618591308594
2012-04-10,106.04582977294922
2012-04-11,106.90416717529297
2012-04-12,108.30093383789062
2012-04-13,107.01341247558594
2012-04-16,106.9432144165039
2012-04-17,108.52725982666016
2012-04-18,108.1604995727539
2012-04-19,107.46599578857422
2012-04-20,107.64552307128906
2012-04-23,106.74029541015625
2012-04-24,107.14608764648438
2012-04-25,108.61309814453125
2012-04-26,109.37000274658203
2012-04-27,109.54948425292969
2012-04-30,109.1436767578125
2012-05-01,109.82258605957031
2012-05-02,109.49484252929688
2012-05-03,108.65990447998047
2012-05-04,106.90416717529297
2012-05-07,106.98220825195312
2012-05-08,106.55302429199219
2012-05-09,105.9209976196289
2012-05-10,106.13948822021484
2012-05-11,105.81952667236328
2012-05-14,104.64908599853516
2012-05-15,104.04822540283203
2012-05-16,103.6502456665039
2012-05-17,102.11299896240234
2012-05-18,101.2390365600586
2012-05-21,102.97916412353516
2012-05-22,103.15862274169922
2012-05-23,103.2132568359375
2012-05-24,103.4161376953125
2012-05-25,103.08062744140625
2012-05-29,104.3291244506836
2012-05-30,102.8153076171875
2012-05-31,102.58897399902344
2012-06-01,100.00614929199219
2012-06-04,99.95931243896484
2012-06-05,100.71621704101562
2012-06-06,102.97916412353516
2012-06-07,103.04158782958984
2012-06-08,103.86094665527344
2012-06-11,102.54219055175781
2012-06-12,103.720458984375
2012-06-13,103.05718994140625
2012-06-14,104.14964294433594
2012-06-15,105.21481323242188
2012-06-18,105.41873168945312
2012-06-19,106.43843078613281
2012-06-20,106.26583862304688
2012-06-21,103.88140106201172
2012-06-22,104.68144226074219
2012-06-25,103.0029296875
2012-06-26,103.52056121826172
2012-06-27,104.4539794921875
2012-06-28,104.15589904785156
2012-06-29,106.75215911865234
2012-07-02,107.07373046875
2012-07-03,107.77970123291016
2012-07-05,107.29338073730469
2012-07-06,106.27368927001953
2012-07-09,106.14035034179688
2012-07-10,105.21481323242188
2012-07-11,105.23046112060547
2012-07-12,104.7206802368164
2012-07-13,106.47762298583984
2012-07-16,106.22663116455078
2012-07-17,106.95609283447266
2012-07-18,107.74833679199219
2012-07-19,108.03069305419922
2012-07-20,107.04236602783203
2012-07-23,105.95994567871094
2012-07-24,105.05007934570312
2012-07-25,105.07366943359375
2012-07-26,106.80709075927734
2012-07-27,108.77577209472656
2012-07-30,108.77577209472656
2012-07-31,108.01499938964844
2012-08-01,107.92082977294922
2012-08-02,107.17572021484375
2012-08-03,109.30136108398438
2012-08-06,109.51311492919922
2012-08-07,110.06217956542969
2012-08-08,110.195556640625
2012-08-09,110.28961944580078
2012-08-10,110.4700698852539
2012-08-13,110.41516876220703
2012-08-14,110.43084716796875
2012-08-15,110.55633544921875
2012-08-16,111.37210845947266
2012-08-17,111.52110290527344
2012-08-20,111.52899932861328
2012-08-21,111.1916732788086
2012-08-22,111.23871612548828
2012-08-23,110.32888793945312
2012-08-24,110.99559783935547
2012-08-27,111.01911926269531
2012-08-28,110.90929412841797
2012-08-29,110.99559783935547
2012-08-30,110.195556640625
2012-08-31,110.72107696533203
2012-09-04,110.61907196044922
2012-09-05,110.5249252319336
2012-09-06,112.76826477050781
2012-09-07,113.20751190185547
2012-09-10,112.5643539428711
2012-09-11,112.8780746459961
2012-09-12,113.25456237792969
2012-09-13,114.98014831542969
2012-09-14,115.48999786376953
2012-09-17,115.09784698486328
2012-09-18,115.00366973876953
2012-09-19,115.06641387939453
2012-09-20,115.07430267333984
2012-09-21,115.02616882324219
2012-09-24,114.85267639160156
2012-09-25,113.6304931640625
2012-09-26,112.99174499511719
2012-09-27,114.05624389648438
2012-09-28,113.52793884277344
2012-10-01,113.82760620117188
2012-10-02,113.94589233398438
2012-10-03,114.41111755371094
2012-10-04,115.23123931884766
2012-10-05,115.23908996582031
2012-10-08,114.84483337402344
2012-10-09,113.70933532714844
2012-10-10,112.98384857177734
2012-10-11,113.04692077636719
2012-10-12,112.67630767822266
2012-10-15,113.61466217041016
2012-10-16,114.76594543457031
2012-10-17,115.2863540649414
2012-10-18,114.98681640625
2012-10-19,113.07058715820312
2012-10-22,113.08638000488281
2012-10-23,111.51712799072266
2012-10-24,111.20170593261719
2012-10-25,111.52499389648438
2012-10-26,111.4619140625
2012-10-31,111.4619140625
2012-11-01,112.62899017333984
2012-11-02,111.62751770019531
2012-11-05,111.85618591308594
2012-11-06,112.73155212402344
2012-11-07,110.1766128540039
2012-11-08,108.85179901123047
2012-11-09,108.94649505615234
2012-11-12,109.03321075439453
2012-11-13,108.6546859741211
2012-11-14,107.18795013427734
2012-11-15,107.00659942626953
2012-11-16,107.53494262695312
2012-11-19,109.7113265991211
2012-11-20,109.7586669921875
2012-11-21,109.96367645263672
2012-11-23,111.4619140625
2012-11-26,111.22538757324219
2012-11-27,110.65760803222656
2012-11-28,111.54867553710938
2012-11-29,112.06909942626953
2012-11-30,112.09273529052734
2012-12-03,111.54076385498047
2012-12-04,111.38310241699219
2012-12-05,111.58021545410156
2012-12-06,111.95870971679688
2012-12-07,112.29780578613281
2012-12-10,112.3451156616211
2012-12-11,113.10997772216797
2012-12-12,113.16526794433594
2012-12-13,112.47126770019531
2012-12-14,112.05333709716797
2012-12-17,113.37024688720703
2012-12-18,114.63189697265625
2012-12-19,113.78031158447266
2012-12-20,114.43482208251953
2012-12-21,113.3960189819336
2012-12-24,113.04660034179688
2012-12-26,112.57012176513672
2012-12-27,112.41923522949219
2012-12-28,111.2042007446289
2012-12-31,113.09425354003906
2013-01-02,115.99284362792969
2013-01-03,115.7308578491211
2013-01-04,116.23904418945312
2013-01-07,115.92139434814453
2013-01-08,115.5878677368164
2013-01-09,115.88168334960938
2013-01-10,116.80293273925781
2013-01-11,116.79497528076172
2013-01-14,116.71554565429688
2013-01-15,116.79497528076172
2013-01-16,116.7791519165039
2013-01-17,117.53350830078125
2013-01-18,117.79560089111328
2013-01-22,118.43089294433594
2013-01-23,118.62147521972656
2013-01-24,118.65327453613281
2013-01-25,119.32036590576172
2013-01-28,119.17742156982422
2013-01-29,119.64595031738281
2013-01-30,119.17742156982422
2013-01-31,118.88357543945312
2013-02-01,120.10659790039062
2013-02-04,118.75650787353516
2013-02-05,119.9556884765625
2013-02-06,120.04300689697266
2013-02-07,119.88418579101562
2013-02-08,120.55131530761719
2013-02-11,120.52745819091797
2013-02-12,120.72605895996094
2013-02-13,120.82926177978516
2013-02-14,120.94039154052734
2013-02-15,120.79747009277344
2013-02-19,121.70278930664062
2013-02-20,120.18594360351562
2013-02-21,119.45535278320312
2013-02-22,120.62278747558594
2013-02-25,118.32770538330078
2013-02-26,119.13774108886719
2013-02-27,120.63866424560547
2013-02-28,120.40045166015625
2013-03-01,120.79747009277344
2013-03-04,121.44071960449219
2013-03-05,122.52870178222656
2013-03-06,122.69552612304688
2013-03-07,122.91783142089844
2013-03-08,123.44197082519531
2013-03-11,123.91048431396484
2013-03-12,123.63258361816406
2013-03-13,123.8072738647461
2013-03-14,124.46641540527344
2013-03-15,124.30211639404297
2013-03-18,123.6160888671875
2013-03-19,123.32894897460938
2013-03-20,124.1904296875
2013-03-21,123.12948608398438
2013-03-22,124.11863708496094
2013-03-25,123.60012817382812
2013-03-26,124.58930206298828
2013-03-27,124.58930206298828
2013-03-28,124.97216796875
2013-04-01,124.47758483886719
2013-04-02,125.09180450439453
2013-04-03,123.82352447509766
2013-04-04,124.3260269165039
2013-04-05,123.76762390136719
2013-04-08,124.6052017211914
2013-04-09,125.03593444824219
2013-04-10,126.5674819946289
2013-04-11,126.9823226928711
2013-04-12,126.67121124267578
2013-04-15,123.73577880859375
2013-04-16,125.56243896484375
2013-04-17,123.72779083251953
2013-04-18,122.95401000976562
2013-04-19,124.02291870117188
2013-04-22,124.57331848144531
2013-04-23,125.85758972167969
2013-04-24,125.93731689453125
2013-04-25,126.44786834716797
2013-04-26,126.22449493408203
2013-04-29,127.07006072998047
2013-04-30,127.37313842773438
2013-05-01,126.25637817382812
2013-05-02,127.42900848388672
2013-05-03,128.72122192382812
2013-05-06,129.04832458496094
2013-05-07,129.702392578125
2013-05-08,130.29273986816406
2013-05-09,129.9257354736328
2013-05-10,130.34848022460938
2013-05-13,130.4522247314453
2013-05-14,131.80030822753906
2013-05-15,132.5102081298828
2013-05-16,131.8880615234375
2013-05-17,133.164306640625
2013-05-20,133.1562957763672
2013-05-21,133.3477783203125
2013-05-22,132.35862731933594
2013-05-23,131.97581481933594
2013-05-24,131.8640594482422
2013-05-28,132.6537628173828
2013-05-29,131.7922821044922
2013-05-30,132.27891540527344
2013-05-31,130.38040161132812
2013-06-03,131.0983123779297
2013-06-04,130.4680938720703
2013-06-05,128.64146423339844
2013-06-06,129.80604553222656
2013-06-07,131.45721435546875
2013-06-10,131.45721435546875
2013-06-11,130.10116577148438
2013-06-12,129.0243682861328
2013-06-13,130.9866180419922
2013-06-14,130.16500854492188
2013-06-17,131.17013549804688
2013-06-18,132.20709228515625
2013-06-19,130.38040161132812
2013-06-20,127.14977264404297
2013-06-21,127.5580062866211
2013-06-24,125.94615936279297
2013-06-25,127.15702056884766
2013-06-26,128.41603088378906
2013-06-27,129.16978454589844
2013-06-28,128.64047241210938
2013-07-01,129.3943328857422
2013-07-02,129.27403259277344
2013-07-03,129.33021545410156
2013-07-05,130.7254638671875
2013-07-08,131.4712371826172
2013-07-09,132.41751098632812
2013-07-10,132.46563720703125
2013-07-11,134.2698211669922
2013-07-12,134.3260040283203
2013-07-15,134.8391876220703
2013-07-16,134.33404541015625
2013-07-17,134.67884826660156
2013-07-18,135.4165802001953
2013-07-19,135.65719604492188
2013-07-22,135.92185974121094
2013-07-23,135.633056640625
2013-07-24,135.13595581054688
2013-07-25,135.46466064453125
2013-07-26,135.60903930664062
2013-07-29,135.19207763671875
2013-07-30,135.19207763671875
2013-07-31,135.2882843017578
2013-08-01,136.85195922851562
2013-08-02,137.08448791503906
2013-08-05,136.88404846191406
2013-08-06,136.10626220703125
2013-08-07,135.6651611328125
2013-08-08,136.16241455078125
2013-08-09,135.76942443847656
2013-08-12,135.60903930664062
2013-08-13,136.0099639892578
2013-08-14,135.31239318847656
2013-08-15,133.4198455810547
2013-08-16,132.9788360595703
2013-08-19,132.12876892089844
2013-08-20,132.7783203125
2013-08-21,131.96041870117188
2013-08-22,133.16322326660156
2013-08-23,133.61228942871094
2013-08-26,133.1151580810547
2013-08-27,130.97402954101562
2013-08-28,131.43914794921875
2013-08-29,131.6476287841797
2013-08-30,131.2306671142578
2013-09-03,131.82403564453125
2013-09-04,132.91461181640625
2013-09-05,133.08306884765625
2013-09-06,133.1471710205078
2013-09-09,134.42225646972656
2013-09-10,135.4165802001953
2013-09-11,135.84158325195312
2013-09-12,135.48074340820312
2013-09-13,135.78546142578125
2013-09-16,136.57135009765625
2013-09-17,137.18077087402344
2013-09-18,138.76849365234375
2013-09-19,138.53594970703125
2013-09-20,137.56739807128906
2013-09-23,136.9308319091797
2013-09-24,136.60850524902344
2013-09-25,136.213623046875
2013-09-26,136.7374725341797
2013-09-27,136.10887145996094
2013-09-30,135.38368225097656
2013-10-01,136.45541381835938
2013-10-02,136.32644653320312
2013-10-03,135.0693817138672
2013-10-04,136.0927734375
2013-10-07,134.91627502441406
2013-10-08,133.34494018554688
2013-10-09,133.44171142578125
2013-10-10,136.31838989257812
2013-10-11,137.19671630859375
2013-10-14,137.74472045898438
2013-10-15,136.74546813964844
2013-10-16,138.6551971435547
2013-10-17,139.5818634033203
2013-10-18,140.52474975585938
2013-10-21,140.53273010253906
2013-10-22,141.34666442871094
2013-10-23,140.66976928710938
2013-10-24,141.13710021972656
2013-10-25,141.78175354003906
2013-10-28,142.00733947753906
2013-10-29,142.76483154296875
2013-10-30,142.05569458007812
2013-10-31,141.65281677246094
2013-11-01,141.99130249023438
2013-11-04,142.4908447265625
2013-11-05,142.03965759277344
2013-11-06,142.76483154296875
2013-11-07,140.95986938476562
2013-11-08,142.861572265625
2013-11-11,142.8857421875
2013-11-12,142.59561157226562
2013-11-13,143.7398681640625
2013-11-14,144.45706176757812
2013-11-15,145.0856170654297
2013-11-18,144.57794189453125
2013-11-19,144.26370239257812
2013-11-20,143.81243896484375
2013-11-21,144.97271728515625
2013-11-22,145.69796752929688
2013-11-25,145.55294799804688
2013-11-26,145.59320068359375
2013-11-27,145.94772338867188
2013-11-29,145.85105895996094
2013-12-02,145.4723358154297
2013-12-03,144.8438262939453
2013-12-04,144.82766723632812
2013-12-05,144.19117736816406
2013-12-06,145.80276489257812
2013-12-09,146.1733856201172
2013-12-10,145.64962768554688
2013-12-11,144.01382446289062
2013-12-12,143.53839111328125
2013-12-13,143.52230834960938
2013-12-16,144.41668701171875
2013-12-17,143.95742797851562
2013-12-18,146.4152069091797
2013-12-19,146.24594116210938
2013-12-20,147.09661865234375
2013-12-23,147.88253784179688
2013-12-24,148.20655822753906
2013-12-26,148.96002197265625
2013-12-27,148.9519805908203
2013-12-30,148.92764282226562
2013-12-31,149.6325225830078
2014-01-02,148.198486328125
2014-01-03,148.17413330078125
2014-01-06,147.7447509765625
2014-01-07,148.6521759033203
2014-01-08,148.68458557128906
2014-01-09,148.7817840576172
2014-01-10,149.18687438964844
2014-01-13,147.2019500732422
2014-01-14,148.8060760498047
2014-01-15,149.6082000732422
2014-01-16,149.41372680664062
2014-01-17,148.7817840576172
2014-01-21,149.21926879882812
2014-01-22,149.31651306152344
2014-01-23,148.09312438964844
2014-01-24,144.93344116210938
2014-01-27,144.220458984375
2014-01-28,145.0792999267578
2014-01-29,143.6857452392578
2014-01-30,145.2089385986328
2014-01-31,144.35818481445312
2014-02-03,141.10940551757812
2014-02-04,142.0977783203125
2014-02-05,141.91954040527344
2014-02-06,143.7910614013672
2014-02-07,145.573486328125
2014-02-10,145.8408660888672
2014-02-11,147.43692016601562
2014-02-12,147.50985717773438
2014-02-13,148.2714080810547
2014-02-14,149.0896759033203
2014-02-18,149.26791381835938
2014-02-19,148.2794952392578
2014-02-20,149.15452575683594
2014-02-21,148.98435974121094
2014-02-24,149.81076049804688
2014-02-25,149.75404357910156
2014-02-26,149.7621612548828
2014-02-27,150.5479278564453
2014-02-28,150.92881774902344
2014-03-03,149.867431640625
2014-03-04,151.97393798828125
2014-03-05,152.11166381835938
2014-03-06,152.4600067138672
2014-03-07,152.52479553222656
2014-03-10,152.44386291503906
2014-03-11,151.69033813476562
2014-03-12,151.73086547851562
2014-03-13,150.0294647216797
2014-03-14,149.6082000732422
2014-03-17,150.96116638183594
2014-03-18,152.0387725830078
2014-03-19,151.22854614257812
2014-03-20,152.11166381835938
2014-03-21,151.52166748046875
2014-03-24,150.89503479003906
2014-03-25,151.61117553710938
2014-03-26,150.52066040039062
2014-03-27,150.20343017578125
2014-03-28,150.9439239501953
2014-03-31,152.1808319091797
2014-04-01,153.1898651123047
2014-04-02,153.70260620117188
2014-04-03,153.4991455078125
2014-04-04,151.6844024658203
2014-04-07,150.0081024169922
2014-04-08,150.6265411376953
2014-04-09,152.24594116210938
2014-04-10,149.0478515625
2014-04-11,147.7051544189453
2014-04-14,148.8688507080078
2014-04-15,149.89419555664062
2014-04-16,151.4647216796875
2014-04-17,151.67628479003906
2014-04-21,152.20523071289062
2014-04-22,152.89688110351562
2014-04-23,152.5388641357422
2014-04-24,152.84812927246094
2014-04-25,151.59494018554688
2014-04-28,152.0750732421875
2014-04-29,152.78297424316406
2014-04-30,153.23870849609375
2014-05-01,153.25497436523438
2014-05-02,153.03526306152344
2014-05-05,153.32821655273438
2014-05-06,151.99368286132812
2014-05-07,152.88880920410156
2014-05-08,152.7260284423828
2014-05-09,152.95391845703125
2014-05-12,154.4430694580078
2014-05-13,154.58135986328125
2014-05-14,153.84901428222656
2014-05-15,152.49819946289062
2014-05-16,153.02711486816406
2014-05-19,153.58859252929688
2014-05-20,152.6202392578125
2014-05-21,153.90599060058594
2014-05-22,154.28030395507812
2014-05-23,154.89877319335938
2014-05-27,155.8508758544922
2014-05-28,155.73695373535156
2014-05-29,156.54254150390625
2014-05-30,156.79481506347656
2014-06-02,156.97389221191406
2014-06-03,156.89248657226562
2014-06-04,157.20985412597656
2014-06-05,158.23519897460938
2014-06-06,158.99192810058594
2014-06-09,159.15467834472656
2014-06-10,159.1710205078125
2014-06-11,158.6176300048828
2014-06-12,157.49465942382812
2014-06-13,157.97471618652344
2014-06-16,158.10496520996094
2014-06-17,158.54443359375
2014-06-18,159.70811462402344
2014-06-19,159.88714599609375
2014-06-20,160.2117156982422
2014-06-23,160.16265869140625
2014-06-24,159.19781494140625
2014-06-25,159.91729736328125
2014-06-26,159.80287170410156
2014-06-27,160.1136016845703
2014-06-30,160.0318145751953
2014-07-01,161.10299682617188
2014-07-02,161.26649475097656
2014-07-03,162.05960083007812
2014-07-07,161.4954071044922
2014-07-08,160.45701599121094
2014-07-09,161.1765594482422
2014-07-10,160.53875732421875
2014-07-11,160.7595672607422
2014-07-14,161.5689697265625
2014-07-15,161.26649475097656
2014-07-16,161.8633575439453
2014-07-17,160.0236358642578
2014-07-18,161.6590118408203
2014-07-21,161.35646057128906
2014-07-22,162.05960083007812
2014-07-23,162.4193572998047
2014-07-24,162.4275665283203
2014-07-25,161.66712951660156
2014-07-28,161.7325439453125
2014-07-29,161.03750610351562
2014-07-30,161.06202697753906
2014-07-31,157.88137817382812
2014-08-01,157.39898681640625
2014-08-04,158.53553771972656
2014-08-05,156.998291015625
2014-08-06,157.04739379882812
2014-08-07,156.19700622558594
2014-08-08,158.0040283203125
2014-08-11,158.46194458007812
2014-08-12,158.24110412597656
2014-08-13,159.31227111816406
2014-08-14,160.0644989013672
2014-08-15,160.0318145751953
2014-08-18,161.37277221679688
2014-08-19,162.2149658203125
2014-08-20,162.64833068847656
2014-08-21,163.12265014648438
2014-08-22,162.8690948486328
2014-08-25,163.69493103027344
2014-08-26,163.80123901367188
2014-08-27,163.7357940673828
2014-08-28,163.6458740234375
2014-08-29,164.11195373535156
2014-09-02,164.03013610839844
2014-09-03,163.94024658203125
2014-09-04,163.703125
2014-09-05,164.43899536132812
2014-09-08,164.0138397216797
2014-09-09,162.975341796875
2014-09-10,163.58860778808594
2014-09-11,163.7766876220703
2014-09-12,162.82008361816406
2014-09-15,162.69737243652344
2014-09-16,163.92384338378906
2014-09-17,164.1446075439453
2014-09-18,165.01953125
2014-09-19,164.87086486816406
2014-09-22,163.59754943847656
2014-09-23,162.66107177734375
2014-09-24,163.9343719482422
2014-09-25,161.2891845703125
2014-09-26,162.57066345214844
2014-09-29,162.27496337890625
2014-09-30,161.84779357910156
2014-10-01,159.65444946289062
2014-10-02,159.67910766601562
2014-10-03,161.43711853027344
2014-10-06,161.2481231689453
2014-10-07,158.759033203125
2014-10-08,161.53558349609375
2014-10-09,158.3318634033203
2014-10-10,156.5246124267578
2014-10-13,153.9534149169922
2014-10-14,154.1916046142578
2014-10-15,153.14834594726562
2014-10-16,153.01693725585938
2014-10-17,154.8241729736328
2014-10-20,156.3275146484375
2014-10-21,159.4244384765625
2014-10-22,158.290771484375
2014-10-23,160.13092041015625
2014-10-24,161.3631591796875
2014-10-27,161.14134216308594
2014-10-28,162.98963928222656
2014-10-29,162.7432098388672
2014-10-30,163.7864990234375
2014-10-31,165.65948486328125
2014-11-03,165.74984741210938
2014-11-04,165.17483520507812
2014-11-05,166.21807861328125
2014-11-06,166.88343811035156
2014-11-07,167.03955078125
2014-11-10,167.56532287597656
2014-11-11,167.72955322265625
2014-11-12,167.548828125
2014-11-13,167.73780822753906
2014-11-14,167.77891540527344
2014-11-17,167.88568115234375
2014-11-18,168.85507202148438
2014-11-19,168.5839080810547
2014-11-20,168.8796844482422
2014-11-21,169.78334045410156
2014-11-24,170.25978088378906
2014-11-25,170.1365203857422
2014-11-26,170.5718994140625
2014-11-28,170.21041870117188
2014-12-01,169.02755737304688
2014-12-02,170.12008666992188
2014-12-03,170.77725219726562
2014-12-04,170.58836364746094
2014-12-05,170.8676300048828
2014-12-08,169.72576904296875
2014-12-09,169.61074829101562
2014-12-10,166.89173889160156
2014-12-11,167.73780822753906
2014-12-12,165.02691650390625
2014-12-15,163.89328002929688
2014-12-16,162.57891845703125
2014-12-17,165.76626586914062
2014-12-18,169.86541748046875
2014-12-19,170.5882110595703
2014-12-22,171.37289428710938
2014-12-23,171.604248046875
2014-12-24,171.62071228027344
2014-12-26,172.17416381835938
2014-12-29,172.40542602539062
2014-12-30,171.48033142089844
2014-12-31,169.77870178222656
2015-01-02,169.6878662109375
2015-01-05,166.62338256835938
2015-01-06,165.05397033691406
2015-01-07,167.11068725585938
2015-01-08,170.07611083984375
2015-01-09,168.71316528320312
2015-01-12,167.39151000976562
2015-01-13,166.9207305908203
2015-01-14,165.91299438476562
2015-01-15,164.39305114746094
2015-01-16,166.54898071289062
2015-01-20,166.90419006347656
2015-01-21,167.7467041015625
2015-01-22,170.2413330078125
2015-01-23,169.3079071044922
2015-01-26,169.70436096191406
2015-01-27,167.4658660888672
2015-01-28,165.31822204589844
2015-01-29,166.84637451171875
2015-01-30,164.74830627441406
2015-02-02,166.78851318359375
2015-02-03,169.2005157470703
2015-02-04,168.55624389648438
2015-02-05,170.25778198242188
2015-02-06,169.7869873046875
2015-02-09,169.02706909179688
2015-02-10,170.82772827148438
2015-02-11,170.92684936523438
2015-02-12,172.57066345214844
2015-02-13,173.28097534179688
2015-02-17,173.55360412597656
2015-02-18,173.5701141357422
2015-02-19,173.4462432861328
2015-02-20,174.4869842529297
2015-02-23,174.4622344970703
2015-02-24,174.95782470703125
2015-02-25,174.80917358398438
2015-02-26,174.60263061523438
2015-02-27,174.0078887939453
2015-03-02,175.10647583007812
2015-03-03,174.3878173828125
2015-03-04,173.6527099609375
2015-03-05,173.84263610839844
2015-03-06,171.39772033691406
2015-03-09,172.10809326171875
2015-03-10,169.31617736816406
2015-03-11,168.91970825195312
2015-03-12,171.06729125976562
2015-03-13,170.01829528808594
2015-03-16,172.28977966308594
2015-03-17,171.77769470214844
2015-03-18,173.84263610839844
2015-03-19,173.04974365234375
2015-03-20,174.57717895507812
2015-03-23,174.2370147705078
2015-03-24,173.25804138183594
2015-03-25,170.71908569335938
2015-03-26,170.3125457763672
2015-03-27,170.7025146484375
2015-03-30,172.7850799560547
2015-03-31,171.2750244140625
2015-04-01,170.6693115234375
2015-04-02,171.2833251953125
2015-04-06,172.4365692138672
2015-04-07,171.98028564453125
2015-04-08,172.56106567382812
2015-04-09,173.32435607910156
2015-04-10,174.2702178955078
2015-04-13,173.4820098876953
2015-04-14,173.8138885498047
2015-04-15,174.5937957763672
2015-04-16,174.54403686523438
2015-04-17,172.5361328125
2015-04-20,174.11256408691406
2015-04-21,173.90516662597656
2015-04-22,174.759765625
2015-04-23,175.19952392578125
2015-04-24,175.60601806640625
2015-04-27,174.87586975097656
2015-04-28,175.43182373046875
2015-04-29,174.7099609375
2015-04-30,172.95932006835938
2015-05-01,174.83444213867188
2015-05-04,175.3321990966797
2015-05-05,173.32435607910156
2015-05-06,172.6107940673828
2015-05-07,173.2994842529297
2015-05-08,175.58114624023438
2015-05-11,174.74313354492188
2015-05-12,174.22042846679688
2015-05-13,174.2536163330078
2015-05-14,176.07066345214844
2015-05-15,176.26148986816406
2015-05-18,176.80911254882812
2015-05-19,176.7510223388672
2015-05-20,176.6265869140625
2015-05-21,177.1409912109375
2015-05-22,176.7178497314453
2015-05-26,174.81787109375
2015-05-27,176.47723388671875
2015-05-28,176.27810668945312
2015-05-29,175.18284606933594
2015-06-01,175.53970336914062
2015-06-02,175.36544799804688
2015-06-03,175.83006286621094
2015-06-04,174.34487915039062
2015-06-05,174.0461883544922
2015-06-08,172.97586059570312
2015-06-09,172.950927734375
2015-06-10,175.02523803710938
2015-06-11,175.5894317626953
2015-06-12,174.24533081054688
2015-06-15,173.49864196777344
2015-06-16,174.44447326660156
2015-06-17,174.7265167236328
2015-06-18,176.54364013671875
2015-06-19,175.7598419189453
2015-06-22,176.6603546142578
2015-06-23,176.7853240966797
2015-06-24,175.5014190673828
2015-06-25,174.9678497314453
2015-06-26,174.9345245361328
2015-06-29,171.2660369873047
2015-06-30,171.62457275390625
2015-07-01,173.00025939941406
2015-07-02,172.8417510986328
2015-07-06,172.34991455078125
2015-07-07,173.43374633789062
2015-07-08,170.52403259277344
2015-07-09,170.83253479003906
2015-07-10,172.98353576660156
2015-07-13,174.8927459716797
2015-07-14,175.65150451660156
2015-07-15,175.59315490722656
2015-07-16,177.00210571289062
2015-07-17,177.15223693847656
2015-07-20,177.24391174316406
2015-07-21,176.54364013671875
2015-07-22,176.2267608642578
2015-07-23,175.23460388183594
2015-07-24,173.4170684814453
2015-07-27,172.4082489013672
2015-07-28,174.5259552001953
2015-07-29,175.72654724121094
2015-07-30,175.7682342529297
2015-07-31,175.5014190673828
2015-08-03,174.9095001220703
2015-08-04,174.56765747070312
2015-08-05,175.14291381835938
2015-08-06,173.70892333984375
2015-08-07,173.37535095214844
2015-08-10,175.559814453125
2015-08-11,173.97567749023438
2015-08-12,174.18409729003906
2015-08-13,173.9673309326172
2015-08-14,174.60098266601562
2015-08-17,175.57643127441406
2015-08-18,175.06787109375
2015-08-19,173.68389892578125
2015-08-20,170.05715942382812
2015-08-21,164.9380340576172
2015-08-24,157.9929656982422
2015-08-25,156.13375854492188
2015-08-26,162.1282958984375
2015-08-27,166.13858032226562
2015-08-28,166.1469268798828
2015-08-31,164.80459594726562
2015-09-01,159.885498046875
2015-09-02,162.9203338623047
2015-09-03,163.0370635986328
2015-09-04,160.5692138671875
2015-09-08,164.60446166992188
2015-09-09,162.40341186523438
2015-09-10,163.2871856689453
2015-09-11,164.0292510986328
2015-09-14,163.4205780029297
2015-09-15,165.46322631835938
2015-09-16,166.89727783203125
2015-09-17,166.52210998535156
2015-09-18,163.80088806152344
2015-09-21,164.6473388671875
2015-09-22,162.51023864746094
2015-09-23,162.2504425048828
2015-09-24,161.663818359375
2015-09-25,161.62188720703125
2015-09-28,157.56564331054688
2015-09-29,157.6578369140625
2015-09-30,160.59939575195312
2015-10-01,161.0184783935547
2015-10-02,163.42369079589844
2015-10-05,166.33180236816406
2015-10-06,165.761962890625
2015-10-07,167.11961364746094
2015-10-08,168.6281280517578
2015-10-09,168.7287139892578
2015-10-12,168.88795471191406
2015-10-13,167.82363891601562
2015-10-14,167.01901245117188
2015-10-15,169.58352661132812
2015-10-16,170.35455322265625
2015-10-19,170.43838500976562
2015-10-20,170.2205047607422
2015-10-21,169.16455078125
2015-10-22,172.02230834960938
2015-10-23,173.90792846679688
2015-10-26,173.48062133789062
2015-10-27,173.14535522460938
2015-10-28,175.11476135253906
2015-10-29,175.01426696777344
2015-10-30,174.26007080078125
2015-11-02,176.3216552734375
2015-11-03,176.83287048339844
2015-11-04,176.2964630126953
2015-11-05,176.1204833984375
2015-11-06,176.02833557128906
2015-11-09,174.38568115234375
2015-11-10,174.78799438476562
2015-11-11,174.10073852539062
2015-11-12,171.6703643798828
2015-11-13,169.7427978515625
2015-11-16,172.32406616210938
2015-11-17,172.1983184814453
2015-11-18,174.930419921875
2015-11-19,174.7795867919922
2015-11-20,175.41647338867188
2015-11-23,175.21539306640625
2015-11-24,175.4500274658203
2015-11-25,175.4249267578125
2015-11-27,175.6260223388672
2015-11-30,174.89697265625
2015-12-01,176.56468200683594
2015-12-02,174.7628173828125
2015-12-03,172.31568908691406
2015-12-04,175.6763458251953
2015-12-07,174.6120147705078
2015-12-08,173.43865966796875
2015-12-09,172.08935546875
2015-12-10,172.5335693359375
2015-12-11,169.18966674804688
2015-12-14,170.04449462890625
2015-12-15,171.82958984375
2015-12-16,174.34378051757812
2015-12-17,171.68710327148438
2015-12-18,168.62850952148438
2015-12-21,170.01959228515625
2015-12-22,171.5623779296875
2015-12-23,173.6868438720703
2015-12-24,173.40017700195312
2015-12-28,173.00401306152344
2015-12-29,174.8502655029297
2015-12-30,173.6109161376953
2015-12-31,171.874267578125
2016-01-04,169.47152709960938
2016-01-05,169.75823974609375
2016-01-06,167.61683654785156
2016-01-07,163.59544372558594
2016-01-08,161.79966735839844
2016-01-11,161.95986938476562
2016-01-12,163.2666473388672
2016-01-13,159.1947021484375
2016-01-14,161.80816650390625
2016-01-15,158.33474731445312
2016-01-19,158.54550170898438
2016-01-20,156.5137481689453
2016-01-21,157.39056396484375
2016-01-22,160.61941528320312
2016-01-25,158.19140625
2016-01-26,160.34962463378906
2016-01-27,158.6044921875
2016-01-28,159.4307861328125
2016-01-29,163.31724548339844
2016-02-01,163.2581787109375
2016-02-02,160.31590270996094
2016-02-03,161.2770233154297
2016-02-04,161.5299835205078
2016-02-05,158.4528045654297
2016-02-08,156.31983947753906
2016-02-09,156.3282928466797
2016-02-10,156.193359375
2016-02-11,154.16159057617188
2016-02-12,157.33993530273438
2016-02-16,159.99560546875
2016-02-17,162.60903930664062
2016-02-18,161.94305419921875
2016-02-19,161.86715698242188
2016-02-22,164.2108917236328
2016-02-23,162.13693237304688
2016-02-24,162.87879943847656
2016-02-25,164.8516082763672
2016-02-26,164.47222900390625
2016-02-29,163.18234252929688
2016-03-01,167.0182647705078
2016-03-02,167.76856994628906
2016-03-03,168.42616271972656
2016-03-04,168.97412109375
2016-03-07,169.10902404785156
2016-03-08,167.26275634765625
2016-03-09,168.0889129638672
2016-03-10,168.2238006591797
2016-03-11,170.9384307861328
2016-03-14,170.71926879882812
2016-03-15,170.4411163330078
2016-03-16,171.4274139404297
2016-03-17,172.51499938964844
2016-03-18,173.19296264648438
2016-03-21,173.43865966796875
2016-03-22,173.34542846679688
2016-03-23,172.20144653320312
2016-03-24,172.1251983642578
2016-03-28,172.2268829345703
2016-03-29,173.8199462890625
2016-03-30,174.58262634277344
2016-03-31,174.15895080566406
2016-04-01,175.34530639648438
2016-04-04,174.77749633789062
2016-04-05,173.0319366455078
2016-04-06,174.921630859375
2016-04-07,172.82850646972656
2016-04-08,173.2946319580078
2016-04-11,172.8878173828125
2016-04-12,174.49790954589844
2016-04-13,176.26052856445312
2016-04-14,176.26893615722656
2016-04-15,176.07406616210938
2016-04-18,177.31130981445312
2016-04-19,177.87060546875
2016-04-20,178.0400848388672
2016-04-21,177.08253479003906
2016-04-22,177.08253479003906
2016-04-25,176.7774658203125
2016-04-26,177.0401153564453
2016-04-27,177.404541015625
2016-04-28,175.79444885253906
2016-04-29,174.84532165527344
2016-05-02,176.235107421875
2016-05-03,174.70132446289062
2016-05-04,173.72679138183594
2016-05-05,173.69290161132812
2016-05-06,174.3284454345703
2016-05-09,174.47251892089844
2016-05-10,176.641845703125
2016-05-11,174.9894256591797
2016-05-12,175.04026794433594
2016-05-13,173.51492309570312
2016-05-16,175.22669982910156
2016-05-17,173.5911865234375
2016-05-18,173.6420440673828
2016-05-19,173.0404052734375
2016-05-20,174.13357543945312
2016-05-23,173.8962860107422
2016-05-24,176.15036010742188
2016-05-25,177.34521484375
2016-05-26,177.3960418701172
2016-05-27,178.1587371826172
2016-05-31,177.81979370117188
2016-06-01,178.1841278076172
2016-06-02,178.7265167236328
2016-06-03,178.19264221191406
2016-06-06,179.0993194580078
2016-06-07,179.37890625
2016-06-08,179.9636993408203
2016-06-09,179.71792602539062
2016-06-10,178.01466369628906
2016-06-13,176.641845703125
2016-06-14,176.29440307617188
2016-06-15,176.04867553710938
2016-06-16,176.57408142089844
2016-06-17,175.91644287109375
2016-06-20,177.04937744140625
2016-06-21,177.55194091796875
2016-06-22,177.26235961914062
2016-06-23,179.57077026367188
2016-06-24,173.12255859375
2016-06-27,170.0219268798828
2016-06-28,173.0884552001953
2016-06-29,176.03573608398438
2016-06-30,178.43788146972656
2016-07-01,178.81259155273438
2016-07-05,177.52639770507812
2016-07-06,178.59121704101562
2016-07-07,178.48040771484375
2016-07-08,181.13804626464844
2016-07-11,181.7770233154297
2016-07-12,183.0972137451172
2016-07-13,183.07168579101562
2016-07-14,184.0938720703125
2016-07-15,183.8468780517578
2016-07-18,184.3408966064453
2016-07-19,184.15350341796875
2016-07-20,184.92015075683594
2016-07-21,184.22164916992188
2016-07-22,185.0478973388672
2016-07-25,184.5453338623047
2016-07-26,184.6305389404297
2016-07-27,184.43458557128906
2016-07-28,184.64755249023438
2016-07-29,184.9456787109375
2016-08-01,184.79234313964844
2016-08-02,183.60838317871094
2016-08-03,184.1449737548828
2016-08-04,184.3408966064453
2016-08-05,185.8485870361328
2016-08-08,185.7378692626953
2016-08-09,185.8485870361328
2016-08-10,185.3886260986328
2016-08-11,186.2489776611328
2016-08-12,186.0871124267578
2016-08-15,186.62374877929688
2016-08-16,185.6612548828125
2016-08-17,186.01043701171875
2016-08-18,186.42782592773438
2016-08-19,186.15525817871094
2016-08-22,186.14669799804688
2016-08-23,186.5215301513672
2016-08-24,185.56753540039062
2016-08-25,185.43975830078125
2016-08-26,185.09048461914062
2016-08-29,186.00192260742188
2016-08-30,185.69528198242188
2016-08-31,185.16714477539062
2016-09-01,185.1756591796875
2016-09-02,186.01043701171875
2016-09-06,186.57264709472656
2016-09-07,186.55564880371094
2016-09-08,186.12974548339844
2016-09-09,181.67474365234375
2016-09-12,184.28126525878906
2016-09-13,181.63214111328125
2016-09-14,181.56402587890625
2016-09-15,183.37835693359375
2016-09-16,182.66941833496094
2016-09-19,182.70370483398438
2016-09-20,182.71229553222656
2016-09-21,184.7669219970703
2016-09-22,185.93125915527344
2016-09-23,184.91246032714844
2016-09-26,183.41429138183594
2016-09-27,184.55296325683594
2016-09-28,185.468994140625
2016-09-29,183.79098510742188
2016-09-30,185.1779022216797
2016-10-03,184.73277282714844
2016-10-04,183.79098510742188
2016-10-05,184.6042938232422
2016-10-06,184.73277282714844
2016-10-07,184.09922790527344
2016-10-10,185.05804443359375
2016-10-11,182.72085571289062
2016-10-12,182.9605712890625
2016-10-13,182.3612823486328
2016-10-14,182.4554443359375
2016-10-17,181.8219757080078
2016-10-18,182.9605712890625
2016-10-19,183.44850158691406
2016-10-20,183.1061248779297
2016-10-21,183.1917266845703
2016-10-24,183.9707794189453
2016-10-25,183.3544158935547
2016-10-26,182.9862823486328
2016-10-27,182.4982452392578
2016-10-28,181.9589080810547
2016-10-31,181.9674530029297
2016-11-01,180.64903259277344
2016-11-02,179.5618133544922
2016-11-03,178.73992919921875
2016-11-04,178.5430145263672
2016-11-07,182.48114013671875
2016-11-08,183.30296325683594
2016-11-09,185.24636840820312
2016-11-10,185.70867919921875
2016-11-11,185.2806396484375
2016-11-14,185.42620849609375
2016-11-15,186.87298583984375
2016-11-16,186.52200317382812
2016-11-17,187.48086547851562
2016-11-18,187.0613250732422
2016-11-21,188.47389221191406
2016-11-22,188.84210205078125
2016-11-23,188.94476318359375
2016-11-25,189.64686584472656
2016-11-28,188.75648498535156
2016-11-29,189.12460327148438
2016-11-30,188.67083740234375
2016-12-01,187.97743225097656
2016-12-02,188.07154846191406
2016-12-05,189.20164489746094
2016-12-06,189.80087280273438
2016-12-07,192.28363037109375
2016-12-08,192.75450134277344
2016-12-09,193.9188232421875
2016-12-12,193.69625854492188
2016-12-13,194.98898315429688
2016-12-14,193.37942504882812
2016-12-15,194.17568969726562
2016-12-16,193.79592895507812
2016-12-19,194.2178497314453
2016-12-20,194.9670867919922
2016-12-21,194.424560546875
2016-12-22,194.08876037597656
2016-12-23,194.37286376953125
2016-12-27,194.8551788330078
2016-12-28,193.24476623535156
2016-12-29,193.2017364501953
2016-12-30,192.4955596923828
2017-01-03,193.96812438964844
2017-01-04,195.12213134765625
2017-01-05,194.9670867919922
2017-01-06,195.6646728515625
2017-01-09,195.0187225341797
2017-01-10,195.0187225341797
2017-01-11,195.5699005126953
2017-01-12,195.07901000976562
2017-01-13,195.52684020996094
2017-01-17,194.83792114257812
2017-01-18,195.26846313476562
2017-01-19,194.54513549804688
2017-01-20,195.25987243652344
2017-01-23,194.7517852783203
2017-01-24,196.00050354003906
2017-01-25,197.69699096679688
2017-01-26,197.49034118652344
2017-01-27,197.18026733398438
2017-01-30,195.95742797851562
2017-01-31,195.940185546875
2017-02-01,196.01771545410156
2017-02-02,196.14682006835938
2017-02-03,197.49888610839844
2017-02-06,197.1457977294922
2017-02-07,197.15443420410156
2017-02-08,197.41278076171875
2017-02-09,198.58396911621094
2017-02-10,199.3676300048828
2017-02-13,200.45266723632812
2017-02-14,201.25360107421875
2017-02-15,202.30422973632812
2017-02-16,202.13197326660156
2017-02-17,202.45054626464844
2017-02-21,203.65625
2017-02-22,203.47537231445312
2017-02-23,203.61317443847656
2017-02-24,203.87152099609375
2017-02-27,204.1901397705078
2017-02-28,203.63897705078125
2017-03-01,206.4894256591797
2017-03-02,205.1890869140625
2017-03-03,205.31826782226562
2017-03-06,204.7068328857422
2017-03-07,204.09542846679688
2017-03-08,203.7165069580078
2017-03-09,203.97483825683594
2017-03-10,204.6896514892578
2017-03-13,204.79295349121094
2017-03-14,204.00929260253906
2017-03-15,205.774658203125
2017-03-16,205.369873046875
2017-03-17,205.0092315673828
2017-03-20,204.784423828125
2017-03-21,202.15504455566406
2017-03-22,202.63076782226562
2017-03-23,202.41453552246094
2017-03-24,202.2675018310547
2017-03-27,202.05990600585938
2017-03-28,203.53021240234375
2017-03-29,203.7205352783203
2017-03-30,204.3692169189453
2017-03-31,203.89352416992188
2017-04-03,203.53892517089844
2017-04-04,203.6686553955078
2017-04-05,203.06321716308594
2017-04-06,203.6340789794922
2017-04-07,203.4264373779297
2017-04-10,203.54759216308594
2017-04-11,203.305419921875
2017-04-12,202.41453552246094
2017-04-13,201.099853515625
2017-04-17,202.88157653808594
2017-04-18,202.27610778808594
2017-04-19,201.90423583984375
2017-04-20,203.54759216308594
2017-04-21,202.8988494873047
2017-04-24,205.1303253173828
2017-04-25,206.3239288330078
2017-04-26,206.19418334960938
2017-04-27,206.3671875
2017-04-28,205.9174346923828
2017-05-01,206.4363555908203
2017-05-02,206.51419067382812
2017-05-03,206.2633819580078
2017-05-04,206.5055389404297
2017-05-05,207.3185577392578
2017-05-08,207.28396606445312
2017-05-09,207.0937042236328
2017-05-10,207.46559143066406
2017-05-11,207.0417938232422
2017-05-12,206.6958770751953
2017-05-15,207.8375244140625
2017-05-16,207.64723205566406
2017-05-17,203.96270751953125
2017-05-18,204.784423828125
2017-05-19,206.11630249023438
2017-05-22,207.1629180908203
2017-05-23,207.62130737304688
2017-05-24,208.10562133789062
2017-05-25,209.10025024414062
2017-05-26,209.0570526123047
2017-05-30,208.8754119873047
2017-05-31,208.82347106933594
2017-06-01,210.484130859375
2017-06-02,211.1846923828125
2017-06-05,211.0290069580078
2017-06-06,210.35440063476562
2017-06-07,210.7435760498047
2017-06-08,210.84739685058594
2017-06-09,210.5274200439453
2017-06-12,210.484130859375
2017-06-13,211.51339721679688
2017-06-14,211.24525451660156
2017-06-15,210.83876037597656
2017-06-16,210.88479614257812
2017-06-19,212.6404571533203
2017-06-20,211.2063751220703
2017-06-21,211.1542510986328
2017-06-22,211.05860900878906
2017-06-23,211.3107147216797
2017-06-26,211.44970703125
2017-06-27,209.74630737304688
2017-06-28,211.6235809326172
2017-06-29,209.7636260986328
2017-06-30,210.15475463867188
2017-07-03,210.51107788085938
2017-07-05,210.99783325195312
2017-07-06,209.0683135986328
2017-07-07,210.4241485595703
2017-07-10,210.65016174316406
2017-07-11,210.4937286376953
2017-07-12,212.0755157470703
2017-07-13,212.43185424804688
2017-07-14,213.4226837158203
2017-07-17,213.3966064453125
2017-07-18,213.50953674316406
2017-07-19,214.66552734375
2017-07-20,214.76112365722656
2017-07-21,214.5699005126953
2017-07-24,214.51776123046875
2017-07-25,215.0392608642578
2017-07-26,215.04794311523438
2017-07-27,214.8480224609375
2017-07-28,214.595947265625
2017-07-31,214.47430419921875
2017-08-01,214.95236206054688
2017-08-02,215.05662536621094
2017-08-03,214.63946533203125
2017-08-04,215.030517578125
2017-08-07,215.43028259277344
2017-08-08,214.90013122558594
2017-08-09,214.89149475097656
2017-08-10,211.8582000732422
2017-08-11,212.17112731933594
2017-08-14,214.27438354492188
2017-08-15,214.24832153320312
2017-08-16,214.62203979492188
2017-08-17,211.27589416503906
2017-08-18,210.9456329345703
2017-08-21,211.11077880859375
2017-08-22,213.31837463378906
2017-08-23,212.55355834960938
2017-08-24,212.05810546875
2017-08-25,212.55355834960938
2017-08-28,212.5622100830078
2017-08-29,212.80560302734375
2017-08-30,213.8137664794922
2017-08-31,215.1000518798828
2017-09-01,215.40426635742188
2017-09-05,213.857177734375
2017-09-06,214.5872802734375
2017-09-07,214.5612030029297
2017-09-08,214.30917358398438
2017-09-11,216.59495544433594
2017-09-12,217.32505798339844
2017-09-13,217.42933654785156
2017-09-14,217.35986328125
2017-09-15,217.65243530273438
2017-09-18,218.1153564453125
2017-09-19,218.33370971679688
2017-09-20,218.4123077392578
2017-09-21,217.8271026611328
2017-09-22,217.8707733154297
2017-09-25,217.42530822753906
2017-09-26,217.5563507080078
2017-09-27,218.40359497070312
2017-09-28,218.6656036376953
2017-09-29,219.4342498779297
2017-10-02,220.38629150390625
2017-10-03,220.85794067382812
2017-10-04,221.1199951171875
2017-10-05,222.4300994873047
2017-10-06,222.1768798828125
2017-10-09,221.8099822998047
2017-10-10,222.39524841308594
2017-10-11,222.74459838867188
2017-10-12,222.4126434326172
2017-10-13,222.68344116210938
2017-10-16,222.9803924560547
2017-10-17,223.13766479492188
2017-10-18,223.35598754882812
2017-10-19,223.41709899902344
2017-10-20,224.57000732421875
2017-10-23,223.69659423828125
2017-10-24,224.08963012695312
2017-10-25,222.9803924560547
2017-10-26,223.26858520507812
2017-10-27,225.09413146972656
2017-10-30,224.25564575195312
2017-10-31,224.60498046875
2017-11-01,224.90196228027344
2017-11-02,224.98928833007812
2017-11-03,225.7404327392578
2017-11-06,226.08987426757812
2017-11-07,225.9326171875
2017-11-08,226.3169403076172
2017-11-09,225.4959259033203
2017-11-10,225.42601013183594
2017-11-13,225.63563537597656
2017-11-14,225.11158752441406
2017-11-15,223.98484802246094
2017-11-16,225.88894653320312
2017-11-17,225.22509765625
2017-11-20,225.6094207763672
2017-11-21,227.08554077148438
2017-11-22,226.8847198486328
2017-11-24,227.40869140625
2017-11-27,227.29518127441406
2017-11-28,229.60101318359375
2017-11-29,229.46128845214844
2017-11-30,231.47021484375
2017-12-01,230.98983764648438
2017-12-04,230.7103271484375
2017-12-05,229.8805389404297
2017-12-06,229.9241943359375
2017-12-07,230.64920043945312
2017-12-08,231.9069061279297
2017-12-11,232.60568237304688
2017-12-12,233.01622009277344
2017-12-13,232.99002075195312
2017-12-14,232.03794860839844
2017-12-15,233.9702911376953
2017-12-18,235.45391845703125
2017-12-19,234.54965209960938
2017-12-20,234.42666625976562
2017-12-21,234.9095001220703
2017-12-22,234.84815979003906
2017-12-26,234.5671844482422
2017-12-27,234.68136596679688
2017-12-28,235.16412353515625
2017-12-29,234.27745056152344
2018-01-02,235.95431518554688
2018-01-03,237.44668579101562
2018-01-04,238.44757080078125
2018-01-05,240.03659057617188
2018-01-08,240.4755859375
2018-01-09,241.01980590820312
2018-01-10,240.65106201171875
2018-01-11,242.4069366455078
2018-01-12,243.9871368408203
2018-01-16,243.15309143066406
2018-01-17,245.47080993652344
2018-01-18,245.05819702148438
2018-01-19,246.17311096191406
2018-01-22,248.17469787597656
2018-01-23,248.70144653320312
2018-01-24,248.60499572753906
2018-01-25,248.710205078125
2018-01-26,251.58970642089844
2018-01-29,249.92181396484375
2018-01-30,247.35826110839844
2018-01-31,247.4811248779297
2018-02-01,247.20022583007812
2018-02-02,241.81874084472656
2018-02-05,231.70516967773438
2018-02-06,236.2703094482422
2018-02-07,234.98863220214844
2018-02-08,226.17445373535156
2018-02-09,229.5718994140625
2018-02-12,232.94305419921875
2018-02-13,233.52247619628906
2018-02-14,236.6741485595703
2018-02-15,239.69412231445312
2018-02-16,239.7643280029297
2018-02-20,238.26315307617188
2018-02-21,237.07801818847656
2018-02-22,237.38526916503906
2018-02-23,241.16903686523438
2018-02-26,243.96951293945312
2018-02-27,240.9231719970703
2018-02-28,238.48268127441406
2018-03-01,235.01498413085938
2018-03-02,236.2263946533203
2018-03-05,238.95672607421875
2018-03-06,239.56248474121094
2018-03-07,239.4746856689453
2018-03-08,240.633544921875
2018-03-09,244.82115173339844
2018-03-12,244.51388549804688
2018-03-13,242.9336395263672
2018-03-14,241.68699645996094
2018-03-15,241.42364501953125
2018-03-16,241.68536376953125
2018-03-19,238.41531372070312
2018-03-20,238.82078552246094
2018-03-21,238.36245727539062
2018-03-22,232.404052734375
2018-03-23,227.4504852294922
2018-03-26,233.67337036132812
2018-03-27,229.69808959960938
2018-03-28,229.01943969726562
2018-03-29,231.94569396972656
2018-04-02,226.93923950195312
2018-04-03,229.84796142578125
2018-04-04,232.30714416503906
2018-04-05,234.14051818847656
2018-04-06,228.92245483398438
2018-04-09,230.0507049560547
2018-04-10,233.70855712890625
2018-04-11,232.48341369628906
2018-04-12,234.39602661132812
2018-04-13,233.70855712890625
2018-04-16,235.6300506591797
2018-04-17,238.15090942382812
2018-04-18,238.32728576660156
2018-04-19,237.00518798828125
2018-04-20,234.99542236328125
2018-04-23,234.96023559570312
2018-04-24,231.79591369628906
2018-04-25,232.3688201904297
2018-04-26,234.7310028076172
2018-04-27,234.95138549804688
2018-04-30,233.14442443847656
2018-05-01,233.55877685546875
2018-05-02,231.9898223876953
2018-05-03,231.47857666015625
2018-05-04,234.47535705566406
2018-05-07,235.26873779296875
2018-05-08,235.26873779296875
2018-05-09,237.54275512695312
2018-05-10,239.76394653320312
2018-05-11,240.49549865722656
2018-05-14,240.6100311279297
2018-05-15,238.95298767089844
2018-05-16,239.9578094482422
2018-05-17,239.75506591796875
2018-05-18,239.1556396484375
2018-05-21,240.95382690429688
2018-05-22,240.28395080566406
2018-05-23,240.94508361816406
2018-05-24,240.45144653320312
2018-05-25,239.8784942626953
2018-05-29,237.11964416503906
2018-05-30,240.28395080566406
2018-05-31,238.81207275390625
2018-06-01,241.15655517578125
2018-06-04,242.3024139404297
2018-06-05,242.47869873046875
2018-06-06,244.5059356689453
2018-06-07,244.4795379638672
2018-06-08,245.2023162841797
2018-06-11,245.5283966064453
2018-06-12,245.84576416015625
2018-06-13,245.06124877929688
2018-06-14,245.67835998535156
2018-06-15,245.36480712890625
2018-06-18,244.86016845703125
2018-06-19,243.92161560058594
2018-06-20,244.3378143310547
2018-06-21,242.80606079101562
2018-06-22,243.2487030029297
2018-06-25,239.9374542236328
2018-06-26,240.46873474121094
2018-06-27,238.4766387939453
2018-06-28,239.84011840820312
2018-06-29,240.18544006347656
2018-07-02,240.6988983154297
2018-07-03,239.84896850585938
2018-07-05,241.8055419921875
2018-07-06,243.8509063720703
2018-07-09,246.04652404785156
2018-07-10,246.931884765625
2018-07-11,245.1257781982422
2018-07-12,247.3480682373047
2018-07-13,247.54287719726562
2018-07-16,247.32144165039062
2018-07-17,248.32203674316406
2018-07-18,248.84439086914062
2018-07-19,247.90586853027344
2018-07-20,247.62257385253906
2018-07-23,248.08291625976562
2018-07-24,249.33132934570312
2018-07-25,251.45620727539062
2018-07-26,250.86306762695312
2018-07-27,249.1630859375
2018-07-30,247.86163330078125
2018-07-31,249.08335876464844
2018-08-01,248.66726684570312
2018-08-02,250.02191162109375
2018-08-03,251.09326171875
2018-08-06,252.01402282714844
2018-08-07,252.8463134765625
2018-08-08,252.74000549316406
2018-08-09,252.39468383789062
2018-08-10,250.70372009277344
2018-08-13,249.7651824951172
2018-08-14,251.3589324951172
2018-08-15,249.48182678222656
2018-08-16,251.50051879882812
2018-08-17,252.38589477539062
2018-08-20,252.926025390625
2018-08-21,253.5191650390625
2018-08-22,253.36859130859375
2018-08-23,253.03216552734375
2018-08-24,254.55503845214844
2018-08-27,256.5648193359375
2018-08-28,256.6888427734375
2018-08-29,258.0700378417969
2018-08-30,257.0252990722656
2018-08-31,257.03411865234375
2018-09-04,256.5914306640625
2018-09-05,255.90084838867188
2018-09-06,255.1305389404297
2018-09-07,254.63473510742188
2018-09-10,255.07748413085938
2018-09-11,255.9185333251953
2018-09-12,255.98048400878906
2018-09-13,257.4945983886719
2018-09-14,257.538818359375
2018-09-17,256.17535400390625
2018-09-18,257.5653991699219
2018-09-19,257.83984375
2018-09-20,259.9293212890625
2018-09-21,259.6918640136719
2018-09-24,258.8290710449219
2018-09-25,258.5890808105469
2018-09-26,257.8152770996094
2018-09-27,258.53564453125
2018-09-28,258.5622863769531
2018-10-01,259.4606018066406
2018-10-02,259.3094482421875
2018-10-03,259.4517517089844
2018-10-04,257.42388916015625
2018-10-05,255.98306274414062
2018-10-08,255.98306274414062
2018-10-09,255.6094970703125
2018-10-10,247.51612854003906
2018-10-11,242.06422424316406
2018-10-12,245.42613220214844
2018-10-15,244.0475311279297
2018-10-16,249.38381958007812
2018-10-17,249.4282684326172
2018-10-18,245.82627868652344
2018-10-19,245.69284057617188
2018-10-22,244.59011840820312
2018-10-23,243.34494018554688
2018-10-24,235.97189331054688
2018-10-25,240.20533752441406
2018-10-26,235.98080444335938
2018-10-29,234.67335510253906
2018-10-30,238.15090942382812
2018-10-31,240.694580078125
2018-11-01,243.2559814453125
2018-11-02,241.81512451171875
2018-11-05,243.14923095703125
2018-11-06,244.68789672851562
2018-11-07,249.92636108398438
2018-11-08,249.4727783203125
2018-11-09,247.0359344482422
2018-11-12,242.4199981689453
2018-11-13,241.96636962890625
2018-11-14,240.3121337890625
2018-11-15,242.8201446533203
2018-11-16,243.45164489746094
2018-11-19,239.33377075195312
2018-11-20,234.90464782714844
2018-11-21,235.70504760742188
2018-11-23,234.13087463378906
2018-11-26,237.9108123779297
2018-11-27,238.7112579345703
2018-11-28,244.20753479003906
2018-11-29,243.6739501953125
2018-11-30,245.15928649902344
2018-12-03,248.40553283691406
2018-12-04,240.35653686523438
2018-12-06,239.99197387695312
2018-12-07,234.41542053222656
2018-12-10,234.8601837158203
2018-12-11,234.91358947753906
2018-12-12,236.0963897705078
2018-12-13,236.01637268066406
2018-12-14,231.65841674804688
2018-12-17,227.1136474609375
2018-12-18,226.86460876464844
2018-12-19,223.46713256835938
2018-12-20,219.82952880859375
2018-12-21,215.32534790039062
2018-12-24,209.6358184814453
2018-12-26,220.2276611328125
2018-12-27,221.91839599609375
2018-12-28,221.6321563720703
2018-12-31,223.57334899902344
2019-01-02,223.8059844970703
2019-01-03,218.46534729003906
2019-01-04,225.7830047607422
2019-01-07,227.56324768066406
2019-01-08,229.7012481689453
2019-01-09,230.77474975585938
2019-01-10,231.5888214111328
2019-01-11,231.67828369140625
2019-01-14,230.26480102539062
2019-01-15,232.90380859375
2019-01-16,233.4674530029297
2019-01-17,235.2386474609375
2019-01-18,238.3697052001953
2019-01-22,235.14923095703125
2019-01-23,235.64126586914062
2019-01-24,235.76646423339844
2019-01-25,237.76141357421875
2019-01-28,235.95436096191406
2019-01-29,235.64126586914062
2019-01-30,239.37156677246094
2019-01-31,241.47393798828125
2019-02-01,241.59017944335938
2019-02-04,243.28988647460938
2019-02-05,244.3097381591797
2019-02-06,243.9876251220703
2019-02-07,241.66184997558594
2019-02-08,241.95693969726562
2019-02-11,242.09117126464844
2019-02-12,245.2042999267578
2019-02-13,246.0004425048828
2019-02-14,245.4547576904297
2019-02-15,248.129638671875
2019-02-19,248.55894470214844
2019-02-20,249.0599365234375
2019-02-21,248.17430114746094
2019-02-22,249.71295166015625
2019-02-25,250.052978515625
2019-02-26,249.87403869628906
2019-02-27,249.76663208007812
2019-02-28,249.3013916015625
2019-03-01,250.85804748535156
2019-03-04,249.94557189941406
2019-03-05,249.6056671142578
2019-03-06,248.09381103515625
2019-03-07,246.0184326171875
2019-03-08,245.5264129638672
2019-03-11,249.0868377685547
2019-03-12,250.026123046875
2019-03-13,251.68104553222656
2019-03-14,251.52003479003906
2019-03-15,252.76272583007812
2019-03-18,253.6791229248047
2019-03-19,253.74209594726562
2019-03-20,252.97824096679688
2019-03-21,255.83558654785156
2019-03-22,250.91175842285156
2019-03-25,250.72308349609375
2019-03-26,252.59194946289062
2019-03-27,251.27114868164062
2019-03-28,252.22360229492188
2019-03-29,253.81399536132812
2019-04-01,256.823974609375
2019-04-02,256.9497985839844
2019-04-03,257.3540954589844
2019-04-04,258.0369873046875
2019-04-05,259.2859802246094
2019-04-08,259.483642578125
2019-04-09,258.1538391113281
2019-04-10,259.03436279296875
2019-04-11,258.9624328613281
2019-04-12,260.714599609375
2019-04-15,260.5439453125
2019-04-16,260.714599609375
2019-04-17,260.07659912109375
2019-04-18,260.5888671875
2019-04-22,260.8134460449219
2019-04-23,263.1585388183594
2019-04-24,262.5744934082031
2019-04-25,262.4127502441406
2019-04-26,263.634765625
2019-04-29,264.0480651855469
2019-04-30,264.1828918457031
2019-05-01,262.1971130371094
2019-05-02,261.6310729980469
2019-05-03,264.19183349609375
2019-05-06,263.10467529296875
2019-05-07,258.71087646484375
2019-05-08,258.35150146484375
2019-05-09,257.56976318359375
2019-05-10,258.8636779785156
2019-05-13,252.35841369628906
2019-05-14,254.64060974121094
2019-05-15,256.1321716308594
2019-05-16,258.5041809082031
2019-05-17,256.83294677734375
2019-05-20,255.13478088378906
2019-05-21,257.4349670410156
2019-05-22,256.64434814453125
2019-05-23,253.50845336914062
2019-05-24,254.0834503173828
2019-05-28,251.7203369140625
2019-05-29,250.03115844726562
2019-05-30,250.71412658691406
2019-05-31,247.3356170654297
2019-06-03,246.70663452148438
2019-06-04,252.06190490722656
2019-06-05,254.2452392578125
2019-06-06,255.89857482910156
2019-06-07,258.4593200683594
2019-06-10,259.64544677734375
2019-06-11,259.5823974609375
2019-06-12,259.124267578125
2019-06-13,260.19342041015625
2019-06-14,259.9059143066406
2019-06-17,260.0047302246094
2019-06-18,262.7273254394531
2019-06-19,263.3203125
2019-06-20,265.8362121582031
2019-06-21,265.44970703125
2019-06-24,265.124755859375
2019-06-25,262.5244445800781
2019-06-26,262.2624816894531
2019-06-27,263.19244384765625
2019-06-28,264.5467529296875
2019-07-01,266.9485778808594
2019-07-02,267.6437683105469
2019-07-03,269.78363037109375
2019-07-05,269.4765930175781
2019-07-08,267.9958801269531
2019-07-09,268.3299865722656
2019-07-10,269.6119689941406
2019-07-11,270.2440490722656
2019-07-12,271.4539794921875
2019-07-15,271.5442810058594
2019-07-16,270.6684265136719
2019-07-17,268.8265686035156
2019-07-18,269.8106384277344
2019-07-19,268.3119201660156
2019-07-22,268.97100830078125
2019-07-23,270.8941955566406
2019-07-24,272.1672668457031
2019-07-25,270.86700439453125
2019-07-26,272.6818542480469
2019-07-29,272.18524169921875
2019-07-30,271.5171813964844
2019-07-31,268.5466613769531
2019-08-01,266.20819091796875
2019-08-02,264.2037048339844
2019-08-05,256.25836181640625
2019-08-06,259.8516845703125
2019-08-07,260.00531005859375
2019-08-08,265.10662841796875
2019-08-09,263.3009338378906
2019-08-12,260.0956726074219
2019-08-13,264.1405334472656
2019-08-14,256.3305969238281
2019-08-15,257.00775146484375
2019-08-16,260.7998352050781
2019-08-19,263.94189453125
2019-08-20,261.9194641113281
2019-08-21,264.05029296875
2019-08-22,263.9689636230469
2019-08-23,257.1883239746094
2019-08-26,260.03240966796875
2019-08-27,259.01214599609375
2019-08-28,260.8359375
2019-08-29,264.1676330566406
2019-08-30,264.05029296875
2019-09-03,262.50640869140625
2019-09-04,265.48590087890625
2019-09-05,268.89874267578125
2019-09-06,269.1064453125
2019-09-09,269.24188232421875
2019-09-10,269.1787414550781
2019-09-11,271.09271240234375
2019-09-12,272.03179931640625
2019-09-13,271.85125732421875
2019-09-16,271.0115661621094
2019-09-17,271.69775390625
2019-09-18,271.8601989746094
2019-09-19,271.8421936035156
2019-09-20,270.5578308105469
2019-09-23,270.4943542480469
2019-09-24,268.37176513671875
2019-09-25,269.95916748046875
2019-09-26,269.3967590332031
2019-09-27,267.9454345703125
2019-09-30,269.1882019042969
2019-10-01,265.9861145019531
2019-10-02,261.28759765625
2019-10-03,263.4282531738281
2019-10-04,266.9930419921875
2019-10-07,265.84100341796875
2019-10-08,261.7139892578125
2019-10-09,264.1993408203125
2019-10-10,265.9861145019531
2019-10-11,268.74365234375
2019-10-14,268.44427490234375
2019-10-15,271.1020812988281
2019-10-16,270.6666564941406
2019-10-17,271.4648742675781
2019-10-18,270.276611328125
2019-10-21,272.10888671875
2019-10-22,271.2199401855469
2019-10-23,272.0090026855469
2019-10-24,272.4535827636719
2019-10-25,273.56927490234375
2019-10-28,275.1111755371094
2019-10-29,275.0295715332031
2019-10-30,275.873291015625
2019-10-31,275.1383972167969
2019-11-01,277.6872863769531
2019-11-04,278.8030700683594
2019-11-05,278.4945068359375
2019-11-06,278.5580139160156
2019-11-07,279.5376281738281
2019-11-08,280.22711181640625
2019-11-11,279.6918640136719
2019-11-12,280.281494140625
2019-11-13,280.37225341796875
2019-11-14,280.7803039550781
2019-11-15,282.81219482421875
2019-11-18,283.0207824707031
2019-11-19,282.9392395019531
2019-11-20,281.8869323730469
2019-11-21,281.4333801269531
2019-11-22,282.0594177246094
2019-11-25,284.245361328125
2019-11-26,284.88934326171875
2019-11-27,286.1591491699219
2019-11-29,285.09796142578125
2019-12-02,282.6761474609375
2019-12-03,280.7803039550781
2019-12-04,282.51287841796875
2019-12-05,283.0207824707031
2019-12-06,285.60589599609375
2019-12-09,284.70794677734375
2019-12-10,284.3904113769531
2019-12-11,285.19769287109375
2019-12-12,287.6557922363281
2019-12-13,287.8282470703125
2019-12-16,289.8055114746094
2019-12-17,289.8691711425781
2019-12-18,289.88720703125
2019-12-19,291.0754089355469
2019-12-20,292.35162353515625
2019-12-23,292.7982482910156
2019-12-24,292.8073425292969
2019-12-26,294.36602783203125
2019-12-27,294.2931213378906
2019-12-30,292.6706237792969
2019-12-31,293.381591796875
2020-01-02,296.1252746582031
2020-01-03,293.88299560546875
2020-01-06,295.004150390625
2020-01-07,294.1747131347656
2020-01-08,295.7424621582031
2020-01-09,297.7477722167969
2020-01-10,296.8909912109375
2020-01-13,298.9327697753906
2020-01-14,298.47698974609375
2020-01-15,299.15155029296875
2020-01-16,301.6400146484375
2020-01-17,302.5788879394531
2020-01-21,301.98638916015625
2020-01-22,302.0228271484375
2020-01-23,302.3692626953125
2020-01-24,299.68017578125
2020-01-27,294.87646484375
2020-01-28,297.96649169921875
2020-01-29,297.72039794921875
2020-01-30,298.6866455078125
2020-01-31,293.26312255859375
2020-02-03,295.441650390625
2020-02-04,299.9444885253906
2020-02-05,303.4083557128906
2020-02-06,304.4292297363281
2020-02-07,302.8067321777344
2020-02-10,305.0672912597656
2020-02-11,305.5959777832031
2020-02-12,307.5648498535156
2020-02-13,307.2366638183594
2020-02-14,307.7289123535156
2020-02-18,306.93597412109375
2020-02-19,308.4034118652344
2020-02-20,307.13641357421875
2020-02-21,303.9735107421875
2020-02-24,293.8920593261719
2020-02-25,284.98651123046875
2020-02-26,283.9383239746094
2020-02-27,271.1860656738281
2020-02-28,270.0466003417969
2020-03-02,281.7414855957031
2020-03-03,273.6745300292969
2020-03-04,285.1778869628906
2020-03-05,275.6980895996094
2020-03-06,271.1405334472656
2020-03-09,249.96600341796875
2020-03-10,262.90045166015625
2020-03-11,250.08445739746094
2020-03-12,226.15707397460938
2020-03-13,245.4904022216797
2020-03-16,218.62791442871094
2020-03-17,230.43209838867188
2020-03-18,218.76461791992188
2020-03-19,219.22950744628906
2020-03-20,209.78196716308594
2020-03-23,204.41824340820312
2020-03-24,222.93919372558594
2020-03-25,226.2766571044922
2020-03-26,239.48892211914062
2020-03-27,232.35557556152344
2020-03-30,239.90147399902344
2020-03-31,236.32562255859375
2020-04-01,225.68984985351562
2020-04-02,230.89768981933594
2020-04-03,227.56028747558594
2020-04-06,242.84466552734375
2020-04-07,243.09226989746094
2020-04-08,251.25244140625
2020-04-09,255.0758514404297
2020-04-13,252.74696350097656
2020-04-14,260.201171875
2020-04-15,254.67245483398438
2020-04-16,255.90101623535156
2020-04-17,262.81427001953125
2020-04-20,258.1840515136719
2020-04-21,250.3448028564453
2020-04-22,255.90101623535156
2020-04-23,255.88267517089844
2020-04-24,259.4493713378906
2020-04-27,263.190185546875
2020-04-28,261.97991943359375
2020-04-29,268.8382568359375
2020-04-30,266.3351745605469
2020-05-01,259.28436279296875
2020-05-04,259.9994812011719
2020-05-05,262.4017333984375
2020-05-06,260.6230163574219
2020-05-07,263.76788330078125
2020-05-08,268.13226318359375
2020-05-11,268.1871643066406
2020-05-12,262.8418273925781
2020-05-13,258.1932067871094
2020-05-14,261.2830810546875
2020-05-15,262.48419189453125
2020-05-18,270.47943115234375
2020-05-19,267.7012634277344
2020-05-20,272.24896240234375
2020-05-21,270.369384765625
2020-05-22,270.8828125
2020-05-26,274.22027587890625
2020-05-27,278.3002624511719
2020-05-28,277.7869567871094
2020-05-29,279.02471923828125
2020-06-01,280.15252685546875
2020-06-02,282.47222900390625
2020-06-03,286.2314147949219
2020-06-04,285.47955322265625
2020-06-05,292.79632568359375
2020-06-08,296.33544921875
2020-06-09,294.125732421875
2020-06-10,292.4844970703125
2020-06-11,275.623046875
2020-06-12,278.9238586425781
2020-06-15,281.5277404785156
2020-06-16,286.946533203125
2020-06-17,285.754638671875
2020-06-18,285.86456298828125
2020-06-19,284.23089599609375
2020-06-22,286.0543518066406
2020-06-23,287.37127685546875
2020-06-24,280.04083251953125
2020-06-25,283.0429382324219
2020-06-26,276.3202819824219
2020-06-29,280.3815612792969
2020-06-30,283.9730529785156
2020-07-01,285.9622497558594
2020-07-02,287.5370178222656
2020-07-06,291.975830078125
2020-07-07,288.9643859863281
2020-07-08,291.1745300292969
2020-07-09,289.5169677734375
2020-07-10,292.4731140136719
2020-07-13,289.9405822753906
2020-07-14,293.69793701171875
2020-07-15,296.396240234375
2020-07-16,295.4200134277344
2020-07-17,296.2764587402344
2020-07-20,298.6707763671875
2020-07-21,299.3062744140625
2020-07-22,301.0099792480469
2020-07-23,297.41851806640625
2020-07-24,295.5028991699219
2020-07-27,297.6578369140625
2020-07-28,295.7698974609375
2020-07-29,299.4076232910156
2020-07-30,298.33935546875
2020-07-31,300.6968688964844
2020-08-03,302.78741455078125
2020-08-04,303.95697021484375
2020-08-05,305.8448181152344
2020-08-06,307.88916015625
2020-08-07,308.11016845703125
2020-08-10,309.03118896484375
2020-08-11,306.480224609375
2020-08-12,310.75323486328125
2020-08-13,310.19146728515625
2020-08-14,310.20068359375
2020-08-17,311.18603515625
2020-08-18,311.8583679199219
2020-08-19,310.5599060058594
2020-08-20,311.5267639160156
2020-08-21,312.6318664550781
2020-08-24,315.79986572265625
2020-08-25,316.90496826171875
2020-08-26,320.0821228027344
2020-08-27,320.7820129394531
2020-08-28,322.85400390625
2020-08-31,321.68450927734375
2020-09-01,324.71429443359375
2020-09-02,329.41094970703125
2020-09-03,318.07452392578125
2020-09-04,315.47760009765625
2020-09-08,306.8577880859375
2020-09-09,312.9174499511719
2020-09-10,307.4840087890625
2020-09-11,307.640625
2020-09-14,311.6926574707031
2020-09-15,313.2674560546875
2020-09-16,312.024169921875
2020-09-17,309.27972412109375
2020-09-18,305.71917724609375
2020-09-21,302.3166198730469
2020-09-22,305.3955993652344
2020-09-23,298.3131103515625
2020-09-24,299.1082458496094
2020-09-25,303.9439697265625
2020-09-28,308.9922180175781
2020-09-29,307.3094787597656
2020-09-30,309.6394958496094
2020-10-01,311.6273498535156
2020-10-02,308.6686706542969
2020-10-05,314.1422424316406
2020-10-06,309.6763916015625
2020-10-07,315.0669250488281
2020-10-08,317.85919189453125
2020-10-09,320.69769287109375
2020-10-12,325.8570251464844
2020-10-13,323.73040771484375
2020-10-14,321.6962890625
2020-10-15,321.2987976074219
2020-10-16,321.1044616699219
2020-10-19,316.2225646972656
2020-10-20,317.48931884765625
2020-10-21,316.88836669921875
2020-10-22,318.6265563964844
2020-10-23,319.7083435058594
2020-10-26,313.80023193359375
2020-10-27,312.7184753417969
2020-10-28,302.02996826171875
2020-10-29,305.0997009277344
2020-10-30,301.9190979003906
2020-11-02,305.3031311035156
2020-11-03,310.6935119628906
2020-11-04,317.63726806640625
2020-11-05,323.8320617675781
2020-11-06,323.7581481933594
2020-11-09,327.8263854980469
2020-11-10,327.3455505371094
2020-11-11,329.77728271484375
2020-11-12,326.57818603515625
2020-11-13,331.0995178222656
2020-11-16,335.2324523925781
2020-11-17,333.4294128417969
2020-11-18,329.4167175292969
2020-11-19,330.8035888671875
2020-11-20,328.5383605957031
2020-11-23,330.5077209472656
2020-11-24,335.83343505859375
2020-11-25,335.31561279296875
2020-11-27,336.24957275390625
2020-11-30,334.7608642578125
2020-12-01,338.4222106933594
2020-12-02,339.1342468261719
2020-12-03,339.04180908203125
2020-12-04,341.9635314941406
2020-12-07,341.2608337402344
2020-12-08,342.25946044921875
2020-12-09,339.1896667480469
2020-12-10,339.0787658691406
2020-12-11,338.68121337890625
2020-12-14,337.1648864746094
2020-12-15,341.7230529785156
2020-12-16,342.25946044921875
2020-12-17,344.17333984375
2020-12-18,342.7991027832031
2020-12-21,341.5733642578125
2020-12-22,340.99761962890625
2020-12-23,341.30413818359375
2020-12-24,342.63189697265625
2020-12-28,345.57537841796875
2020-12-29,344.91619873046875
2020-12-30,345.408203125
2020-12-31,347.1632385253906
2021-01-04,342.43695068359375
2021-01-05,344.7954406738281
2021-01-06,346.8567810058594
2021-01-07,352.0101623535156
2021-01-08,354.0158386230469
2021-01-11,351.6295471191406
2021-01-12,351.7037658691406
2021-01-13,352.6509094238281
2021-01-14,351.4159240722656
2021-01-15,348.8531799316406
2021-01-19,351.5923156738281
2021-01-20,356.4579772949219
2021-01-21,356.7828674316406
2021-01-22,355.5201416015625
2021-01-25,356.922119140625
2021-01-26,356.3651428222656
2021-01-27,347.65533447265625
2021-01-28,350.6452941894531
2021-01-29,343.62548828125
2021-02-01,349.3452453613281
2021-02-02,354.28515625
2021-02-03,354.5636291503906
2021-02-04,358.5935974121094
2021-02-05,360.0048828125
2021-02-08,362.60491943359375
2021-02-09,362.3634033203125
2021-02-10,362.2055358886719
2021-02-11,362.79058837890625
2021-02-12,364.5826721191406
2021-02-16,364.2669372558594
2021-02-17,364.3505859375
2021-02-18,362.79986572265625
2021-02-19,362.15911865234375
2021-02-22,359.37353515625
2021-02-23,359.8099365234375
2021-02-24,363.7747497558594
2021-02-25,355.0093688964844
2021-02-26,353.18017578125
2021-03-01,361.7413330078125
2021-03-02,358.9185791015625
2021-03-03,354.1643981933594
2021-03-04,349.78167724609375
2021-03-05,356.2164001464844
2021-03-08,354.44293212890625
2021-03-09,359.5035095214844
2021-03-10,361.7413330078125
2021-03-11,365.4090576171875
2021-03-12,365.9011535644531
2021-03-15,368.0832214355469
2021-03-16,367.6189270019531
2021-03-17,368.87255859375
2021-03-18,363.5055847167969
2021-03-19,362.83294677734375
2021-03-22,365.73016357421875
2021-03-23,362.85162353515625
2021-03-24,361.00701904296875
2021-03-25,363.0379638671875
2021-03-26,368.88824462890625
2021-03-29,368.701904296875
2021-03-30,367.7237548828125
2021-03-31,369.2142639160156
2021-04-01,373.2015380859375
2021-04-05,378.55804443359375
2021-04-06,378.3345031738281
2021-04-07,378.7723083496094
2021-04-08,380.57025146484375
2021-04-09,383.3370361328125
2021-04-12,383.4768981933594
2021-04-13,384.6134033203125
2021-04-14,383.2997741699219
2021-04-15,387.41741943359375
2021-04-16,388.7123718261719
2021-04-19,386.8025817871094
2021-04-20,383.9705505371094
2021-04-21,387.6037292480469
2021-04-22,384.0636291503906
2021-04-23,388.2279052734375
2021-04-26,389.038330078125
2021-04-27,388.9544982910156
2021-04-28,388.8427734375
2021-04-29,391.32073974609375
2021-04-30,388.7496032714844
2021-05-03,389.5880126953125
2021-05-04,387.1846008300781
2021-05-05,387.3056335449219
2021-05-06,390.39849853515625
2021-05-07,393.23974609375
2021-05-10,389.3457946777344
2021-05-11,385.87091064453125
2021-05-12,377.673095703125
2021-05-13,382.2099304199219
2021-05-14,388.07891845703125
2021-05-17,387.0914611816406
2021-05-18,383.7562561035156
2021-05-19,382.750244140625
2021-05-20,386.8678283691406
2021-05-21,386.5511169433594
2021-05-24,390.4916687011719
2021-05-25,389.62518310546875
2021-05-26,390.39849853515625
2021-05-27,390.60345458984375
2021-05-28,391.3021240234375
2021-06-01,390.95745849609375
2021-06-02,391.572265625
2021-06-03,390.1190185546875
2021-06-04,393.68695068359375
2021-06-07,393.3050537109375
2021-06-08,393.3888244628906
2021-06-09,392.802001953125
2021-06-10,394.6278991699219
2021-06-11,395.27996826171875
2021-06-14,396.1650695800781
2021-06-15,395.43841552734375
2021-06-16,393.2304992675781
2021-06-17,393.1000671386719
2021-06-18,387.7969970703125
2021-06-21,393.3486633300781
2021-06-22,395.45159912109375
2021-06-23,394.97491455078125
2021-06-24,397.3114929199219
2021-06-25,398.72283935546875
2021-06-28,399.5266418457031
2021-06-29,399.7415466308594
2021-06-30,400.0780334472656
2021-07-01,402.2930908203125
2021-07-02,405.36798095703125
2021-07-06,404.62969970703125
2021-07-07,406.05963134765625
2021-07-08,402.75103759765625
2021-07-09,407.0504150390625
2021-07-12,408.5083312988281
2021-07-13,407.11578369140625
2021-07-14,407.7232971191406
2021-07-15,406.3307800292969
2021-07-16,403.1436767578125
2021-07-19,397.1900634765625
2021-07-20,402.8819580078125
2021-07-21,406.143798828125
2021-07-22,406.9942932128906
2021-07-23,411.1814270019531
2021-07-26,412.19073486328125
2021-07-27,410.3122253417969
2021-07-28,410.14398193359375
2021-07-29,411.84503173828125
2021-07-30,409.8449401855469
2021-08-02,408.98504638671875
2021-08-03,412.3123779296875
2021-08-04,410.2842102050781
2021-08-05,412.8824768066406
2021-08-06,413.5647277832031
2021-08-09,413.228271484375
2021-08-10,413.7423400878906
2021-08-11,414.77044677734375
2021-08-12,416.0134582519531
2021-08-13,416.7705078125
2021-08-16,417.75189208984375
2021-08-17,415.0133972167969
2021-08-18,410.4711608886719
2021-08-19,411.106689453125
2021-08-20,414.3778991699219
2021-08-23,418.0229187011719
2021-08-24,418.68646240234375
2021-08-25,419.5651550292969
2021-08-26,417.0883483886719
2021-08-27,420.8175048828125
2021-08-30,422.6681213378906
2021-08-31,422.04180908203125
2021-09-01,422.2660827636719
2021-09-02,423.5653076171875
2021-09-03,423.4625244140625
2021-09-07,421.9483337402344
2021-09-08,421.434326171875
2021-09-09,419.6304931640625
2021-09-10,416.32196044921875
2021-09-13,417.3873596191406
2021-09-14,415.1349182128906
2021-09-15,418.6023864746094
2021-09-16,417.93890380859375
2021-09-17,413.86767578125
2021-09-20,406.966796875
2021-09-21,406.582275390625
2021-09-22,410.5484313964844
2021-09-23,415.5365905761719
2021-09-24,416.2211608886719
2021-09-27,415.0303649902344
2021-09-28,406.6666564941406
2021-09-29,407.3511962890625
2021-09-30,402.3723449707031
2021-10-01,407.15423583984375
2021-10-04,401.90362548828125
2021-10-05,406.0854187011719
2021-10-06,407.7731018066406
2021-10-07,411.2985534667969
2021-10-08,410.5484313964844
2021-10-11,407.576171875
2021-10-12,406.5729064941406
2021-10-13,408.03558349609375
2021-10-14,414.8990783691406
2021-10-15,418.05877685546875
2021-10-18,419.29656982421875
2021-10-19,422.53131103515625
2021-10-20,424.19085693359375
2021-10-21,425.2973327636719
2021-10-22,424.8565979003906
2021-10-25,427.135009765625
2021-10-26,427.5195007324219
2021-10-27,425.62548828125
2021-10-28,429.7322998046875
2021-10-29,430.6042785644531
2021-11-01,431.3449401855469
2021-11-02,433.0890197753906
2021-11-03,435.73309326171875
2021-11-04,437.7864990234375
2021-11-05,439.305419921875
2021-11-08,439.6804504394531
2021-11-09,438.2270812988281
2021-11-10,434.7016296386719
2021-11-11,434.8423156738281
2021-11-12,438.1240234375
2021-11-15,438.2740478515625
2021-11-16,440.0086364746094
2021-11-17,438.9397888183594
2021-11-18,440.43060302734375
2021-11-19,439.64300537109375
2021-11-22,438.4052734375
2021-11-23,438.9866638183594
2021-11-24,440.15869140625
2021-11-26,430.34173583984375
2021-11-29,435.6206359863281
2021-11-30,427.1444091796875
2021-12-01,422.4000244140625
2021-12-02,428.8696594238281
2021-12-03,425.1378479003906
2021-12-06,430.17291259765625
2021-12-07,439.0710144042969
2021-12-08,440.2336120605469
2021-12-09,437.26141357421875
2021-12-10,441.3775634765625
2021-12-13,437.46771240234375
2021-12-14,434.45782470703125
2021-12-15,441.2463073730469
2021-12-16,437.35516357421875
2021-12-17,432.700439453125
2021-12-20,428.0993957519531
2021-12-21,435.7020568847656
2021-12-22,440.0584411621094
2021-12-23,442.7964782714844
2021-12-27,449.06304931640625
2021-12-28,448.696044921875
2021-12-29,449.2699890136719
2021-12-30,448.0280456542969
2021-12-31,446.89892578125
2022-01-03,449.4864196777344
2022-01-04,449.3358154296875
2022-01-05,440.7076110839844
2022-01-06,440.2937316894531
2022-01-07,438.552978515625
2022-01-10,438.00726318359375
2022-01-11,441.9966735839844
2022-01-12,443.1916809082031
2022-01-13,437.08514404296875
2022-01-14,437.2639465332031
2022-01-18,429.5201416015625
2022-01-19,425.0602111816406
2022-01-20,420.3556213378906
2022-01-21,412.103759765625
2022-01-24,413.85382080078125
2022-01-25,408.8011779785156
2022-01-26,407.7754821777344
2022-01-27,405.7619323730469
2022-01-28,415.8392028808594
2022-01-31,423.3288879394531
2022-02-01,426.1893005371094
2022-02-02,430.329345703125
2022-02-03,420.2144775390625
2022-02-04,422.1903991699219
2022-02-07,420.8354187011719
2022-02-08,424.2980651855469
2022-02-09,430.5080871582031
2022-02-10,422.7738037109375
2022-02-11,414.437255859375
2022-02-14,413.082275390625
2022-02-15,419.74395751953125
2022-02-16,420.2144775390625
2022-02-17,411.23809814453125
2022-02-18,408.5752868652344
2022-02-22,404.1906433105469
2022-02-23,397.0208740234375
2022-02-24,402.9956359863281
2022-02-25,411.8873596191406
2022-02-28,410.8334655761719
2022-03-01,404.576416015625
2022-03-02,412.0190734863281
2022-03-03,409.9678649902344
2022-03-04,406.6369934082031
2022-03-07,394.6497497558594
2022-03-08,391.6575927734375
2022-03-09,402.158203125
2022-03-10,400.34228515625
2022-03-11,395.2518615722656
2022-03-14,392.36328125
2022-03-15,400.9915771484375
2022-03-16,409.8831787109375
2022-03-17,415.0111999511719
2022-03-18,419.5567626953125
2022-03-21,419.43408203125
2022-03-22,424.3420104980469
2022-03-23,418.877197265625
2022-03-24,425.1913757324219
2022-03-25,427.2679138183594
2022-03-28,430.30706787109375
2022-03-29,435.6303405761719
2022-03-30,432.9403991699219
2022-03-31,426.2768859863281
2022-04-01,427.4850158691406
2022-04-04,431.1470947265625
2022-04-05,425.7012023925781
2022-04-06,421.4444580078125
2022-04-07,423.5680847167969
2022-04-08,422.4354248046875
2022-04-11,415.2150573730469
2022-04-12,413.67657470703125
2022-04-13,418.41461181640625
2022-04-14,413.2047119140625
2022-04-18,413.37457275390625
2022-04-19,420.0474548339844
2022-04-20,419.73602294921875
2022-04-21,413.45947265625
2022-04-22,402.11456298828125
2022-04-25,404.44580078125
2022-04-26,392.7327575683594
2022-04-27,393.8370666503906
2022-04-28,403.78515625
2022-04-29,388.8630065917969
2022-05-02,391.2037658691406
2022-05-03,392.99700927734375
2022-05-04,404.9649353027344
2022-05-05,390.5712890625
2022-05-06,388.2400817871094
2022-05-09,375.80963134765625
2022-05-10,376.6780090332031
2022-05-11,370.6940002441406
2022-05-12,370.3070373535156
2022-05-13,379.16021728515625
2022-05-16,377.6218566894531
2022-05-17,385.3896484375
2022-05-18,369.8539123535156
2022-05-19,367.58880615234375
2022-05-20,367.749267578125
2022-05-23,374.6297607421875
2022-05-24,371.7700500488281
2022-05-25,375.0544738769531
2022-05-26,382.5487060546875
2022-05-27,391.9399108886719
2022-05-31,389.74078369140625
2022-06-01,386.5882568359375
2022-06-02,393.9502868652344
2022-06-03,387.4849853515625
2022-06-06,388.664794921875
2022-06-07,392.39288330078125
2022-06-08,388.126708984375
2022-06-09,378.8959655761719
2022-06-10,367.9096984863281
2022-06-13,353.9407958984375
2022-06-14,352.87420654296875
2022-06-15,357.9049377441406
2022-06-16,346.0597229003906
2022-06-17,346.80572509765625
2022-06-21,355.5361022949219
2022-06-22,354.8915710449219
2022-06-23,358.3703918457031
2022-06-24,369.7643127441406
2022-06-27,368.3519287109375
2022-06-28,360.825439453125
2022-06-29,360.5316467285156
2022-06-30,357.6025695800781
2022-07-01,361.3847351074219
2022-07-05,362.0672302246094
2022-07-06,363.2900085449219
2022-07-07,368.7311096191406
2022-07-08,368.42779541015625
2022-07-11,364.218994140625
2022-07-12,360.9960632324219
2022-07-13,359.1001892089844
2022-07-14,358.2281799316406
2022-07-15,365.0721130371094
2022-07-18,362.0577392578125
2022-07-19,371.8403015136719
2022-07-20,374.2100830078125
2022-07-21,378.0207824707031
2022-07-22,374.5134582519531
2022-07-25,374.9684143066406
2022-07-26,370.5321960449219
2022-07-27,380.153564453125
2022-07-28,384.9216003417969
2022-07-29,390.5332336425781
2022-08-01,389.3768005371094
2022-08-02,386.8079833984375
2022-08-03,392.8651428222656
2022-08-04,392.5997314453125
2022-08-05,391.93621826171875
2022-08-08,391.481201171875
2022-08-09,389.92657470703125
2022-08-10,398.1165771484375
2022-08-11,398.1165771484375
2022-08-12,404.8563232421875
2022-08-15,406.5246276855469
2022-08-16,407.3209533691406
2022-08-17,404.4297180175781
2022-08-18,405.60516357421875
2022-08-19,400.1546630859375
2022-08-22,391.8224182128906
2022-08-23,390.87451171875
2022-08-24,392.1257629394531
2022-08-25,397.6615905761719
2022-08-26,384.201171875
2022-08-29,381.6607666015625
2022-08-30,377.4709167480469
2022-08-31,374.5987243652344
2022-09-01,375.7742004394531
2022-09-02,371.81182861328125
2022-09-06,370.4089660644531
2022-09-07,377.0633239746094
2022-09-08,379.5279541015625
2022-09-09,385.4240417480469
2022-09-12,389.56640625
2022-09-13,372.6270751953125
2022-09-14,374.0489807128906
2022-09-15,369.8022155761719
2022-09-16,366.9810791015625
2022-09-19,369.8270568847656
2022-09-20,365.58197021484375
2022-09-21,359.20477294921875
2022-09-22,356.1875
2022-09-23,350.2196960449219
2022-09-26,346.7550964355469
2022-09-27,345.8699035644531
2022-09-28,352.67535400390625
2022-09-29,345.3083801269531
2022-09-30,339.9685974121094
2022-10-03,348.94415283203125
2022-10-04,359.7568359375
2022-10-05,358.9192199707031
2022-10-06,355.2166748046875
2022-10-07,345.3083801269531
2022-10-10,342.6717529296875
2022-10-11,340.5016174316406
2022-10-12,339.3785095214844
2022-10-13,348.3350830078125
2022-10-14,340.39697265625
2022-10-17,349.1441345214844
2022-10-18,353.24639892578125
2022-10-19,350.7431335449219
2022-10-20,347.8020324707031
2022-10-21,356.254150390625
2022-10-24,360.61346435546875
2022-10-25,366.3719177246094
2022-10-26,363.6116943359375
2022-10-27,361.66998291015625
2022-10-28,370.2743835449219
2022-10-31,367.59979248046875
2022-11-01,365.9911804199219
2022-11-02,356.80615234375
2022-11-03,353.1321716308594
2022-11-04,358.2148742675781
2022-11-07,361.64141845703125
2022-11-08,363.5926513671875
2022-11-09,356.1018981933594
2022-11-10,375.6711120605469
2022-11-11,379.30712890625
2022-11-14,376.0804443359375
2022-11-15,379.28802490234375
2022-11-16,376.3945007324219
2022-11-17,375.24285888671875
2022-11-18,376.94659423828125
2022-11-21,375.575927734375
2022-11-22,380.63006591796875
2022-11-23,383.0286560058594
2022-11-25,382.9429931640625
2022-11-28,376.832275390625
2022-11-29,376.18511962890625
2022-11-30,388.03521728515625
2022-12-01,387.7496337890625
2022-12-02,387.3023376464844
2022-12-05,380.33502197265625
2022-12-06,374.85260009765625
2022-12-07,374.2148742675781
2022-12-08,377.1465148925781
2022-12-09,374.3290710449219
2022-12-12,379.7259216308594
2022-12-13,382.6003723144531
2022-12-14,380.1541748046875
2022-12-15,370.8549499511719
2022-12-16,366.4765625
2022-12-19,363.3689880371094
2022-12-20,363.86627197265625
2022-12-21,369.306884765625
2022-12-22,364.0384216308594
2022-12-23,366.13238525390625
2022-12-27,364.68853759765625
2022-12-28,360.1562805175781
2022-12-29,366.6391906738281
2022-12-30,365.67340087890625
2023-01-03,364.13397216796875
2023-01-04,366.9451904296875
2023-01-05,362.7570495605469
2023-01-06,371.0758056640625
2023-01-09,370.865478515625
2023-01-10,373.4663391113281
2023-01-11,378.18975830078125
2023-01-12,379.5667724609375
2023-01-13,381.0392761230469
2023-01-17,380.3412780761719
2023-01-18,374.3363952636719
2023-01-19,371.61138916015625
2023-01-20,378.5340576171875
2023-01-23,383.0759582519531
2023-01-24,382.66485595703125
2023-01-25,382.8082275390625
2023-01-26,387.01544189453125
2023-01-27,387.9046936035156
2023-01-30,383.0377502441406
2023-01-31,388.6696472167969
2023-02-01,392.80029296875
2023-02-02,398.518310546875
2023-02-03,394.282470703125
2023-02-06,391.87286376953125
2023-02-07,396.9980163574219
2023-02-08,392.656982421875
2023-02-09,389.2528381347656
2023-02-10,390.16131591796875
2023-02-13,394.74139404296875
2023-02-14,394.5597229003906
2023-02-15,395.84100341796875
2023-02-16,390.39080810546875
2023-02-17,389.4154968261719
2023-02-21,381.6034851074219
2023-02-22,381.0775146484375
2023-02-23,383.1047058105469
2023-02-24,379.01220703125
2023-02-27,380.30303955078125
2023-02-28,378.8974609375
2023-03-01,377.4440002441406
2023-03-02,380.3795471191406
2023-03-03,386.4800109863281
2023-03-06,386.7477111816406
2023-03-07,380.8193359375
2023-03-08,381.4408874511719
2023-03-09,374.4033508300781
2023-03-10,369.0009460449219
2023-03-13,368.4750061035156
2023-03-14,374.5660095214844
2023-03-15,372.2231750488281
2023-03-16,378.7540283203125
2023-03-17,374.32537841796875
2023-03-20,377.9247131347656
2023-03-21,382.8870849609375
2023-03-22,376.3601379394531
2023-03-23,377.37762451171875
2023-03-24,379.85406494140625
2023-03-27,380.56427001953125
2023-03-28,379.7100524902344
2023-03-29,385.2290344238281
2023-03-30,387.48468017578125
2023-03-31,392.9461364746094
2023-04-03,394.4434509277344
2023-04-04,392.25506591796875
2023-04-05,391.2279968261719
2023-04-06,392.754150390625
2023-04-10,393.1572570800781
2023-04-11,393.26287841796875
2023-04-12,391.6599426269531
2023-04-13,396.86224365234375
2023-04-14,395.8927917480469
2023-04-17,397.31341552734375
2023-04-18,397.5725402832031
2023-04-19,397.50531005859375
2023-04-20,395.3361511230469
2023-04-21,395.64324951171875
2023-04-24,396.0560302734375
2023-04-25,389.76904296875
2023-04-26,388.1180725097656
2023-04-27,395.8448181152344
2023-04-28,399.2233581542969
2023-05-01,398.8203430175781
2023-05-02,394.337890625
2023-05-03,391.6310729980469
2023-05-04,388.8572082519531
2023-05-05,396.0560302734375
2023-05-08,396.1614685058594
2023-05-09,394.42425537109375
2023-05-10,396.2671203613281
2023-05-11,395.5760803222656
2023-05-12,395.0577697753906
2023-05-15,396.4206848144531
2023-05-16,393.77154541015625
2023-05-17,398.5515441894531
2023-05-18,402.390869140625
2023-05-19,401.80535888671875
2023-05-22,401.9685974121094
2023-05-23,397.4573059082031
2023-05-24,394.5777893066406
2023-05-25,397.9948425292969
2023-05-26,403.14910888671875
2023-05-30,403.3027038574219
2023-05-31,401.06634521484375
2023-06-01,404.8768615722656
2023-06-02,410.7318115234375
2023-06-05,409.9447937011719
2023-06-06,410.83740234375
2023-06-07,409.4168395996094
2023-06-08,411.89324951171875
2023-06-09,412.63232421875
2023-06-12,416.3756103515625
2023-06-13,419.1207580566406
2023-06-14,419.619873046875
2023-06-15,424.82220458984375
2023-06-16,423.37518310546875
2023-06-20,421.1785583496094
2023-06-21,419.02056884765625
2023-06-22,420.53314208984375
2023-06-23,417.3538818359375
2023-06-26,415.6486511230469
2023-06-27,420.2055969238281
2023-06-28,420.4175720214844
2023-06-29,422.0745544433594
2023-06-30,427.0552978515625
2023-07-03,427.5467224121094
2023-07-05,426.910888671875
2023-07-06,423.5678405761719
2023-07-07,422.49847412109375
2023-07-10,423.5678405761719
2023-07-11,426.2652893066406
2023-07-12,429.69500732421875
2023-07-13,433.10546875
2023-07-14,432.8356628417969
2023-07-17,434.338623046875
2023-07-18,437.5660095214844
2023-07-19,438.5390930175781
2023-07-20,435.6295471191406
2023-07-21,435.6295471191406
2023-07-24,437.5756530761719
2023-07-25,438.7702331542969
2023-07-26,438.8377380371094
2023-07-27,435.9281921386719
2023-07-28,440.19610595703125
2023-07-31,441.0342712402344
2023-08-01,439.772216796875
2023-08-02,433.65460205078125
2023-08-03,432.41180419921875
2023-08-04,430.45611572265625
2023-08-07,434.2134094238281
2023-08-08,432.32513427734375
2023-08-09,429.4349365234375
2023-08-10,429.5890808105469
2023-08-11,429.33856201171875
2023-08-14,431.70855712890625
2023-08-15,426.6796569824219
2023-08-16,423.5486145019531
2023-08-17,420.3211669921875
2023-08-18,420.52349853515625
2023-08-21,423.2595520019531
2023-08-22,422.1130676269531
2023-08-23,426.8144836425781
2023-08-24,420.8992004394531
2023-08-25,423.866455078125
2023-08-28,426.55438232421875
2023-08-29,432.7200927734375
2023-08-30,434.50244140625
2023-08-31,433.8665771484375
2023-09-01,434.6758117675781
2023-09-05,432.79718017578125
2023-09-06,429.8877258300781
2023-09-07,428.5679016113281
2023-09-08,429.2133483886719
2023-09-11,432.0361022949219
2023-09-12,429.6661071777344
2023-09-13,430.1671142578125
2023-09-14,433.87615966796875
2023-09-15,428.648681640625
2023-09-18,428.90008544921875
2023-09-19,428.0106506347656
2023-09-20,424.0758056640625
2023-09-21,417.0664978027344
2023-09-22,416.12872314453125
2023-09-25,417.87860107421875
2023-09-26,411.7394104003906
2023-09-27,411.9037780761719
2023-09-28,414.291748046875
2023-09-29,413.28631591796875
2023-10-02,413.1219482421875
2023-10-03,407.5918884277344
2023-10-04,410.5599060058594
2023-10-05,410.4053039550781
2023-10-06,415.27789306640625
2023-10-09,417.9366149902344
2023-10-10,420.1119079589844
2023-10-11,421.8327941894531
2023-10-12,419.2610778808594
2023-10-13,417.1728210449219
2023-10-16,421.5621337890625
2023-10-17,421.5427551269531
2023-10-18,415.9256591796875
2023-10-19,412.2711181640625
2023-10-20,407.2052001953125
2023-10-23,406.4993896484375
2023-10-24,409.564208984375
2023-10-25,403.68603515625
2023-10-26,398.85198974609375
2023-10-27,397.0440979003906
2023-10-30,401.7911376953125
2023-10-31,404.3144836425781
2023-11-01,408.62640380859375
2023-11-02,416.4574279785156
2023-11-03,420.25689697265625
2023-11-06,421.2237854003906
2023-11-07,422.4225769042969
2023-11-08,422.73193359375
2023-11-09,419.43511962890625
2023-11-10,425.9803466796875
2023-11-13,425.5743103027344
2023-11-14,433.83074951171875
2023-11-15,434.7491760253906
2023-11-16,435.2809753417969
2023-11-17,435.82232666015625
2023-11-20,439.1771545410156
2023-11-21,438.219970703125
2023-11-22,439.91192626953125
2023-11-24,440.18255615234375
2023-11-27,439.38983154296875
2023-11-28,439.8248596191406
2023-11-29,439.5155029296875
2023-11-30,441.2460632324219
2023-12-01,443.85638427734375
2023-12-04,441.5264587402344
2023-12-05,441.4394226074219
2023-12-06,439.6605529785156
2023-12-07,443.0152893066406
2023-12-08,444.919921875
2023-12-11,446.6504821777344
2023-12-12,448.6904296875
2023-12-13,454.8778381347656
2023-12-14,456.33782958984375
2023-12-15,455.58642578125
2023-12-18,458.1491394042969
2023-12-19,460.9351501464844
2023-12-20,454.5477600097656
2023-12-21,458.8577880859375
2023-12-22,459.7799377441406
2023-12-26,461.7213134765625
2023-12-27,462.55615234375
2023-12-28,462.7309265136719
2023-12-29,461.39129638671875
2024-01-02,458.8092041015625
2024-01-03,455.0622253417969
2024-01-04,453.5964660644531
2024-01-05,454.2177429199219
2024-01-08,460.7020568847656
2024-01-09,460.0032043457031
2024-01-10,462.604736328125
2024-01-11,462.40087890625
2024-01-12,462.72119140625
2024-01-16,461.0224609375
2024-01-17,458.45977783203125
2024-01-18,462.5367431640625
2024-01-19,468.3027648925781
2024-01-22,469.2929992675781
2024-01-23,470.6616516113281
2024-01-24,471.17620849609375
2024-01-25,473.73883056640625
2024-01-26,473.136962890625
2024-01-29,476.88397216796875
2024-01-30,476.5151062011719
2024-01-31,468.7396240234375
2024-02-01,474.8745422363281
2024-02-02,479.87371826171875
2024-02-05,478.12646484375
2024-02-06,479.51458740234375
2024-02-07,483.5139465332031
2024-02-08,483.7275085449219
2024-02-09,486.5231628417969
2024-02-12,486.30963134765625
2024-02-13,479.6116638183594
2024-02-14,483.9701843261719
2024-02-15,487.3094177246094
2024-02-16,484.8826599121094
2024-02-20,482.2131652832031
2024-02-21,482.6500244140625
2024-02-22,492.638671875
2024-02-23,492.97845458984375
2024-02-26,491.17291259765625
2024-02-27,492.08538818359375
2024-02-28,491.4350280761719
2024-02-29,493.20166015625
2024-03-01,497.83197021484375
2024-03-04,497.2980651855469
2024-03-05,492.32806396484375
2024-03-06,494.8227844238281
2024-03-07,499.734619140625
2024-03-08,496.73516845703125
2024-03-11,496.3080139160156
2024-03-12,501.64697265625
2024-03-13,500.860595703125
2024-03-14,499.87054443359375
2024-03-15,496.4380798339844
2024-03-18,499.3885192871094
2024-03-19,502.1636962890625
2024-03-20,506.80841064453125
2024-03-21,508.4831848144531
2024-03-22,507.51922607421875
2024-03-25,506.11700439453125
2024-03-26,505.1821594238281
2024-03-27,509.4277648925781
2024-03-28,509.3302917480469
2024-04-01,508.4442443847656
2024-04-02,505.2115478515625
2024-04-03,505.7665710449219
2024-04-04,499.593017578125
2024-04-05,504.812255859375
2024-04-08,505.0946350097656
2024-04-09,505.6789245605469
2024-04-10,500.6154479980469
2024-04-11,504.3935852050781
2024-04-12,497.4313659667969
2024-04-15,491.1994323730469
2024-04-16,490.3036193847656
2024-04-17,487.4018859863281
2024-04-18,486.39892578125
2024-04-19,482.1534729003906
2024-04-22,486.59368896484375
2024-04-23,492.367919921875
2024-04-24,492.13421630859375
2024-04-25,490.2646179199219
2024-04-26,494.90936279296875
2024-04-29,496.6620788574219
2024-04-30,488.7943420410156
2024-05-01,487.2071838378906
2024-05-02,491.7641906738281
2024-05-03,497.85980224609375
2024-05-06,503.0011291503906
2024-05-07,503.5561828613281
2024-05-08,503.6047668457031
2024-05-09,506.50653076171875
2024-05-10,507.1589660644531
2024-05-13,507.22698974609375
2024-05-14,509.5543212890625
2024-05-15,515.8641357421875
2024-05-16,514.802734375
2024-05-17,515.5427856445312
2024-05-20,516.1367797851562
2024-05-21,517.402587890625
2024-05-22,515.9127807617188
2024-05-23,512.14453125
2024-05-24,515.5330810546875
2024-05-28,515.893310546875
2024-05-29,512.28076171875
2024-05-30,508.8824462890625
2024-05-31,513.517333984375
2024-06-03,513.9360961914062
2024-06-04,514.5106201171875
2024-06-05,520.6256103515625
2024-06-06,520.615966796875
2024-06-07,519.9830322265625
2024-06-10,521.589599609375
2024-06-11,522.8458251953125
2024-06-12,527.1398315429688
2024-06-13,528.2013549804688
2024-06-14,528.522705078125
2024-06-17,532.7290649414062
2024-06-18,534.0825805664062
2024-06-20,532.6317749023438
2024-06-21,531.917724609375
2024-06-24,530.1885986328125
2024-06-25,532.230224609375
2024-06-26,532.8945922851562
2024-06-27,533.734619140625
2024-06-28,531.6343383789062
2024-07-01,532.728515625
2024-07-02,536.3135986328125
2024-07-03,538.70703125
2024-07-05,541.8134155273438
2024-07-08,542.4386596679688
2024-07-09,542.9661865234375
2024-07-10,548.3389282226562
2024-07-11,543.6109008789062
2024-07-12,547.0397338867188
2024-07-15,548.5441284179688
2024-07-16,551.7969970703125
2024-07-17,544.060302734375
2024-07-18,539.8793334960938
2024-07-19,536.2940673828125
2024-07-22,541.8231811523438
2024-07-23,540.973388671875
2024-07-24,528.7135009765625
2024-07-25,525.9588012695312
2024-07-26,531.8493041992188
2024-07-29,532.161865234375
2024-07-30,529.4656372070312
2024-07-31,538.072021484375
2024-08-01,530.452392578125
2024-08-02,520.5762329101562
2024-08-05,505.4151306152344
2024-08-06,510.07476806640625
2024-08-07,506.66552734375
2024-08-08,518.378173828125
2024-08-09,520.6641235351562
2024-08-12,520.9376220703125
2024-08-13,529.5047607421875
2024-08-14,531.1753540039062
2024-08-15,540.2796630859375
2024-08-16,541.490966796875
2024-08-19,546.66845703125
2024-08-20,545.7796020507812
2024-08-21,547.6552124023438
2024-08-22,543.3568725585938
2024-08-23,549.130126953125
2024-08-26,547.8211059570312
2024-08-27,548.5733642578125
2024-08-28,545.3887939453125
2024-08-29,545.4375610351562
2024-08-30,550.644287109375
2024-09-03,539.3126220703125
2024-09-04,538.208740234375
2024-09-05,536.8997192382812
2024-09-06,527.86376953125
2024-09-09,533.773681640625
2024-09-10,536.0986938476562
2024-09-11,541.5985107421875
2024-09-12,546.1604614257812
2024-09-13,549.0130004882812
2024-09-16,549.8237915039062
2024-09-17,550.0484619140625
2024-09-18,548.417236328125
2024-09-19,557.7754516601562
2024-09-20,556.8113403320312
2024-09-23,558.2028198242188
2024-09-24,559.7999267578125
2024-09-25,558.5652465820312
2024-09-26,560.7797241210938
2024-09-27,559.9666137695312
2024-09-30,562.21044921875
2024-10-01,557.1738891601562
2024-10-02,557.4090576171875
2024-10-03,556.3900146484375
2024-10-04,561.4461059570312
2024-10-07,556.370361328125
2024-10-08,561.6322631835938
2024-10-09,565.5224609375
2024-10-10,564.53271484375
2024-10-11,567.913330078125
2024-10-14,572.557861328125
2024-10-15,568.1092529296875
2024-10-16,570.5785522460938
2024-10-17,570.6275024414062
2024-10-18,572.8224487304688
2024-10-21,571.8817138671875
2024-10-22,571.5780029296875
2024-10-23,566.355224609375
2024-10-24,567.5801391601562
2024-10-25,567.3841552734375
2024-10-28,569.1381225585938
2024-10-29,570.0592041015625
2024-10-30,568.3345947265625
2024-10-31,557.1934814453125
2024-11-01,559.5451049804688
2024-11-04,558.3399658203125
2024-11-05,565.0912475585938
2024-11-06,579.1426391601562
2024-11-07,583.62060546875
2024-11-08,586.1486206054688
2024-11-11,586.7072143554688
2024-11-12,584.8847045898438
2024-11-13,585.1688232421875
2024-11-14,581.4061279296875
2024-11-15,573.9591674804688
2024-11-18,576.3109130859375
2024-11-19,578.4175415039062
2024-11-20,578.6134643554688
2024-11-21,581.7196655273438
2024-11-22,583.5225830078125
2024-11-25,585.501953125
2024-11-26,588.5592041015625
2024-11-27,586.7758178710938
2024-11-29,590.4208984375
2024-12-02,591.4791870117188
2024-12-03,591.7535400390625
2024-12-04,595.427978515625
2024-12-05,594.4481201171875
2024-12-06,595.5750122070312
2024-12-09,592.5079956054688
2024-12-10,590.6658935546875
2024-12-11,595.2320556640625
2024-12-12,592.1650390625
2024-12-13,592.0474853515625
2024-12-16,594.5755615234375
2024-12-17,592.1258544921875
2024-12-18,574.4783935546875
2024-12-19,574.302001953125
2024-12-20,581.199951171875
2024-12-23,584.6803588867188
2024-12-24,591.1791381835938
2024-12-26,591.218505859375
2024-12-27,584.9949951171875
2024-12-30,578.3192749023438
2024-12-31,576.2152709960938
2025-01-02,574.7994384765625
2025-01-03,581.9865112304688
2025-01-06,585.339111328125
2025-01-07,578.7222900390625
2025-01-08,579.56787109375
2025-01-10,570.7194213867188
2025-01-13,571.604248046875
2025-01-14,572.3906860351562
2025-01-15,582.8026123046875
2025-01-16,581.6817016601562
2025-01-17,587.521728515625
2025-01-21,592.8995971679688
2025-01-22,596.2326049804688
2025-01-23,599.4868774414062
2025-01-24,597.73681640625
2025-01-27,589.2816162109375
2025-01-28,594.3448486328125
2025-01-29,591.6804809570312
2025-01-30,594.8560791015625
2025-01-31,591.6903686523438
2025-02-03,587.7085571289062
2025-02-04,591.6510620117188
2025-02-05,594.0499267578125
2025-02-06,596.11474609375
2025-02-07,590.657958984375
2025-02-10,594.6693115234375
2025-02-11,595.12158203125
2025-02-12,593.2044677734375
2025-02-13,599.4672241210938
2025-02-14,599.4376831054688
2025-02-18,601.1975708007812
2025-02-19,602.6133422851562
2025-02-20,600.1062622070312
2025-02-21,589.842041015625
2025-02-24,587.157958984375
2025-02-25,584.2379150390625
2025-02-26,584.5328979492188
2025-02-27,575.20263671875
2025-02-28,584.178955078125
2025-03-03,573.9442138671875
2025-03-04,567.1505126953125
2025-03-05,573.24609375
2025-03-06,563.0703125
2025-03-07,566.2261962890625
2025-03-10,551.14453125
2025-03-11,546.5628662109375
2025-03-12,549.4631958007812
2025-03-13,542.1386108398438
2025-03-14,553.3369140625
2025-03-17,557.6038818359375
2025-03-18,551.5770874023438
2025-03-19,557.5841674804688
2025-03-20,555.9718017578125
2025-03-21,556.1552124023438
2025-03-24,566.1151123046875
2025-03-25,567.4760131835938
2025-03-26,560.7012939453125
2025-03-27,559.2122802734375
2025-03-28,547.95068359375
2025-03-31,551.62890625
2025-04-01,553.1870727539062
2025-04-02,556.687744140625
2025-04-03,529.2537841796875
2025-04-04,498.2696838378906
2025-04-07,497.3822021484375
2025-04-08,489.5918273925781
2025-04-09,541.0084228515625
2025-04-10,517.3019409179688
2025-04-11,526.5321044921875
2025-04-14,531.6401977539062
2025-04-15,530.151123046875
2025-04-16,518.3668823242188
2025-04-17,519.1065063476562
2025-04-21,506.7503356933594
2025-04-22,519.9348754882812
2025-04-23,527.9915161132812
2025-04-24,539.1051635742188
2025-04-25,543.0003662109375
2025-04-28,543.2073974609375
2025-04-29,546.6293334960938
2025-04-30,546.8462524414062
2025-05-01,550.7216796875
2025-05-02,558.8966674804688
2025-05-05,555.6918334960938
2025-05-06,551.0471801757812
2025-05-07,553.364501953125
2025-05-08,557.2203979492188
2025-05-09,556.51025390625
2025-05-12,574.9015502929688
2025-05-13,578.6981811523438
2025-05-14,579.437744140625
2025-05-15,582.267822265625
2025-05-16,585.9559936523438
2025-05-19,586.596923828125
2025-05-20,584.6246948242188
2025-05-21,574.7733154296875
2025-05-22,575.0001831054688
2025-05-23,571.0753784179688
2025-05-27,582.9483032226562
2025-05-28,579.5757446289062
2025-05-29,581.8636474609375
2025-05-30,581.2127685546875
2025-06-02,584.4866943359375
2025-06-03,587.81982421875
2025-06-04,587.6619262695312
2025-06-05,584.8219604492188
2025-06-06,590.8274536132812
2025-06-09,591.3599243164062
2025-06-10,594.7128295898438
2025-06-11,593.0166625976562
2025-06-12,595.37353515625
2025-06-13,588.7171630859375
2025-06-16,594.318359375
2025-06-17,589.2399291992188
2025-06-18,589.1510620117188
2025-06-20,587.7673950195312
2025-06-23,593.5730590820312
2025-06-24,600.13037109375
2025-06-25,600.4666137695312
2025-06-26,605.1646118164062
2025-06-27,608.1712036132812
2025-06-30,611.0790405273438
2025-07-01,610.88134765625
2025-07-02,613.6505737304688
2025-07-03,618.4869995117188
2025-07-07,613.8780517578125
2025-07-08,613.541748046875
2025-07-09,617.2210083007812
2025-07-10,618.9617919921875
2025-07-11,616.7858276367188
2025-07-14,617.9627685546875
2025-07-15,615.3220825195312
2025-07-16,617.3792114257812
2025-07-17,621.1573486328125
2025-07-18,620.7025146484375
2025-07-21,621.87939453125
2025-07-22,621.9683837890625
2025-07-23,627.2597045898438
2025-07-24,627.4674682617188
2025-07-25,630.1181030273438
2025-07-28,629.9598388671875
2025-07-29,628.2982788085938
2025-07-30,627.5070190429688
2025-07-31,625.1531982421875
2025-08-01,614.9066162109375
2025-08-04,624.2530517578125
2025-08-05,621.0880737304688
2025-08-06,625.8455200195312
2025-08-07,625.3212890625
2025-08-08,630.1972045898438
2025-08-11,628.9509887695312
2025-08-12,635.6467895507812
2025-08-13,637.8228149414062
2025-08-14,637.882080078125
2025-08-15,636.3886108398438
2025-08-18,636.2501831054688
2025-08-19,632.7984008789062
2025-08-20,631.1170043945312
2025-08-21,628.5850830078125
2025-08-22,638.2381591796875
2025-08-25,635.4292602539062
2025-08-26,638.0897827148438
2025-08-27,639.5436401367188
2025-08-28,641.8085327148438
2025-08-29,637.9810180664062
2025-09-02,633.2533569335938
2025-09-03,636.6853637695312
2025-09-04,642.0064086914062
2025-09-05,640.1470336914062
2025-09-08,641.7195434570312
2025-09-09,643.203125
2025-09-10,645.0625610351562
2025-09-11,650.423095703125
2025-09-12,650.20556640625
2025-09-15,653.6671142578125
2025-09-16,652.7671508789062
2025-09-17,651.9561157226562
2025-09-18,655.0023803710938
2025-09-19,658.2465209960938
2025-09-22,661.3607177734375
2025-09-23,657.7605590820312
2025-09-24,655.6677856445312
2025-09-25,652.6429443359375
2025-09-26,656.3819580078125
2025-09-29,658.2266845703125
2025-09-30,660.7061157226562
2025-10-01,662.9574584960938
2025-10-02,663.7210693359375
2025-10-03,663.7112426757812
2025-10-06,666.0914916992188
2025-10-07,663.6219482421875
2025-10-08,667.5791625976562
2025-10-09,665.6452026367188
2025-10-10,647.6542358398438
2025-10-13,657.5919189453125
2025-10-14,656.78857421875
2025-10-15,659.7044067382812
2025-10-16,655.2117309570312
2025-10-17,658.9308471679688
2025-10-20,665.7840576171875
2025-10-21,665.7741088867188
2025-10-22,662.3128051757812
2025-10-23,666.2402954101562
2025-10-24,671.6851806640625
2025-10-27,679.6094970703125
2025-10-28,681.4144897460938
2025-10-29,681.7418823242188
2025-10-30,674.2440185546875
2025-10-31,676.4556274414062
2025-11-03,677.7251586914062
2025-11-04,669.6917114257812
2025-11-05,672.012451171875
2025-11-06,664.8021850585938
2025-11-07,665.4567260742188
2025-11-10,675.8407592773438
2025-11-11,677.3878784179688
2025-11-12,677.7647705078125
2025-11-13,666.5180053710938
2025-11-14,666.4088745117188
2025-11-17,660.2002563476562
2025-11-18,654.6561889648438
2025-11-19,657.185302734375
2025-11-20,647.1683349609375
2025-11-21,653.6148681640625
2025-11-24,663.2351684570312
2025-11-25,669.4734497070312
2025-11-26,674.09521484375
2025-11-28,677.7747192382812
2025-12-01,674.6802978515625
2025-12-02,675.9300537109375
2025-12-03,678.2706298828125
2025-12-04,678.7665405273438
2025-12-05,680.0557861328125
2025-12-08,678.0127563476562
2025-12-09,677.4276123046875
2025-12-10,681.92041015625
2025-12-11,683.5072631835938
2025-12-12,676.1581420898438
2025-12-15,675.1365356445312
2025-12-16,673.2918701171875
2025-12-17,665.8832397460938
2025-12-18,670.9114990234375
2025-12-19,676.9923095703125
2025-12-22,681.2098388671875
2025-12-23,684.3233032226562
2025-12-24,686.7305297851562
2025-12-26,686.660888671875
2025-12-29,684.2138671875
2025-12-30,683.3782958984375
2025-12-31,678.3152465820312
2026-01-02,679.55859375
2026-01-05,684.0845947265625
2026-01-06,688.1529541015625
2026-01-07,685.9347534179688
2026-01-08,685.8651123046875
2026-01-09,690.4010009765625
2026-01-12,691.4852294921875
2026-01-13,690.1026000976562
2026-01-14,686.7105712890625
2026-01-15,688.5806884765625
2026-01-16,688.0037231445312
2026-01-20,673.9981689453125
2026-01-21,681.77685546875
2026-01-22,685.3379516601562
2026-01-23,685.5865478515625
2026-01-26,689.068115234375
2026-01-27,691.8134765625
2026-01-28,691.7438354492188
2026-01-29,690.3711547851562
2026-01-30,688.3121337890625
2026-02-02,691.73388671875
2026-02-03,685.885009765625
2026-02-04,682.5626831054688
2026-02-05,674.0379638671875
2026-02-06,686.96923828125
2026-02-09,690.2816162109375
2026-02-10,688.4613037109375
2026-02-11,688.3021850585938
2026-02-12,677.668701171875
2026-02-13,678.1461181640625
2026-02-17,679.2402954101562
2026-02-18,682.662109375
2026-02-19,680.8616943359375
2026-02-20,685.7855834960938
2026-02-23,678.7827758789062
2026-02-24,683.7164916992188
2026-02-25,689.4859008789062
2026-02-26,685.6561889648438
2026-02-27,682.3637084960938
2026-03-02,682.7516479492188
2026-03-03,676.7337036132812
2026-03-04,681.50830078125
2026-03-05,677.7084350585938
2026-03-06,668.8256225585938
2026-03-09,674.6845092773438
2026-03-10,673.6002807617188
2026-03-11,672.7548217773438
2026-03-12,662.5390625
2026-03-13,658.7890014648438
2026-03-16,665.493408203125
2026-03-17,667.2440185546875
2026-03-18,657.9335327148438
2026-03-19,656.3121337890625
2026-03-20,646.9034423828125
2026-03-23,653.6959228515625
2026-03-24,651.5015869140625
2026-03-25,655.1322021484375
2026-03-26,643.432373046875
2026-03-27,632.4606323242188
2026-03-30,630.3460693359375
2026-03-31,648.6688842773438
2026-04-01,653.5562744140625
2026-04-02,654.144775390625
2026-04-06,657.23681640625
2026-04-07,657.5260009765625
2026-04-08,674.27294921875
2026-04-09,678.162841796875
2026-04-10,677.7140502929688
2026-04-13,684.3369750976562
2026-04-14,692.675537109375
2026-04-15,698.1414184570312
2026-04-16,699.8569946289062
2026-04-17,708.3152465820312
2026-04-20,706.8988037109375
2026-04-21,702.2708129882812
2026-04-22,709.3825073242188
2026-04-23,706.6295776367188
2026-04-24,712.10546875
2026-04-27,713.332275390625
2026-04-28,709.8612060546875
2026-04-29,709.7515258789062
2026-04-30,716.8132934570312
2026-05-01,718.7982177734375
2026-05-04,716.1649780273438
2026-05-05,721.9102172851562
2026-05-06,731.9443359375
2026-05-07,729.7001342773438
2026-05-08,735.724609375
2026-05-11,737.4002685546875
2026-05-12,736.2831420898438
2026-05-13,740.4025268554688
2026-05-14,746.2474975585938
2026-05-15,737.2706298828125
2026-05-18,736.751953125
2026-05-19,731.8446044921875
2026-05-20,739.3452758789062
2026-05-21,740.8114624023438
2026-05-22,743.7239990234375
2026-05-26,748.6613159179688
2026-05-27,748.5316162109375
2026-05-28,752.6609497070312
2026-05-29,754.5361328125
2026-06-01,756.5908203125
2026-06-02,757.6182250976562
2026-06-03,752.3018798828125
2026-06-04,755.1445922851562
2026-06-05,735.65478515625
2026-06-08,737.3204345703125
2026-06-09,735.1560668945312
2026-06-10,723.56591796875
2026-06-11,735.8642578125
2026-06-12,739.843994140625
2026-06-15,752.890380859375
2026-06-16,748.4019775390625
2026-06-17,739.0560302734375
2026-06-18,746.739990234375
2026-06-22,744.3900146484375
2026-06-23,733.5800170898438
2026-06-24,733.239990234375
2026-06-25,734.2999877929688
2026-06-26,728.989990234375
2026-06-29,741.0
2026-06-30,746.77001953125
2026-07-01,745.760009765625
2026-07-02,744.780029296875
2026-07-06,751.280029296875
2026-07-07,747.7100219726562
2026-07-08,745.4000244140625
2026-07-09,751.7100219726562
2026-07-10,754.9500122070312
2026-07-13,749.1699829101562
2026-07-14,751.8300170898438
2026-07-15,754.8099975585938
2026-07-16,750.719970703125
2026-07-17,743.1500244140625
